state,completed,run_success,incidents,missed_incidents,detected_within_1s,incident_details,claims,confirmed_recoveries,false_recoveries,unverified_recoveries,unstable_time_s,commands,false_interventions,false_incidents,false_incidents_per_1000_s,stops,stable_without_intervention,time_s,traversal_time_s,rms_before,rms_after,rms_reduction,family_id,seed,kind,scenario,engagement,mode,reason,error,run_id,memory_hits,processing_p95_ms,processing_p99_ms,productivity_loss
COMPLETED,True,False,1,1,0,"[{""start_s"": 4.9229736328125, ""end_s"": null, ""detection_s"": null, ""detection_latency_s"": null, ""confirmed_recovery_s"": null, ""stabilization_time_s"": null}]",[],0,0,0,15.0771484375,0,0,0,0.0,0,False,20.0,20.0,,,,e2e-final-0,300000,controllable,recover_a,True,no_adaptation,,,a5d35feb584f483d85350a0c4195a489,0,5.488784133922309,10.767838790779932,0.0
COMPLETED,True,False,1,1,0,"[{""start_s"": 4.160400390625, ""end_s"": null, ""detection_s"": null, ""detection_latency_s"": null, ""confirmed_recovery_s"": null, ""stabilization_time_s"": null}]",[],0,0,0,15.8397216796875,0,0,0,0.0,0,False,20.0,20.0,,,,e2e-final-1,300001,controllable,retry_b,True,no_adaptation,,,cae64f1cd5aa45a8833c455abb7453a7,0,9.072675625793634,20.961541812866884,0.0
COMPLETED,True,False,1,1,0,"[{""start_s"": 3.3585205078125, ""end_s"": null, ""detection_s"": null, ""detection_latency_s"": null, ""confirmed_recovery_s"": null, ""stabilization_time_s"": null}]",[],0,0,0,16.6416015625,0,0,0,0.0,0,False,20.0,20.0,,,,e2e-final-2,300002,controllable,recover_c,True,no_adaptation,,,c0c4ddb527ea4a0c8f2b01bf16ba9ab7,0,5.556955462088808,12.849253305466831,0.0
COMPLETED,True,False,1,1,0,"[{""start_s"": 4.5927734375, ""end_s"": 20.1490478515625, ""detection_s"": null, ""detection_latency_s"": null, ""confirmed_recovery_s"": null, ""stabilization_time_s"": null}]",[],0,0,0,12.0430908203125,0,0,0,0.0,0,False,30.0,30.0,,,,e2e-final-3,300003,controllable,repeat_after_c,True,no_adaptation,,,e1137fd6080143cba2d3384513f215c0,0,10.662340506678449,19.048913995502442,0.0
COMPLETED,True,False,1,1,0,"[{""start_s"": 3.5374755859375, ""end_s"": null, ""detection_s"": null, ""detection_latency_s"": null, ""confirmed_recovery_s"": null, ""stabilization_time_s"": null}]",[],0,0,0,16.462646484375,0,0,0,0.0,0,False,20.0,20.0,,,,e2e-final-4,300004,controllable,recover_a,True,no_adaptation,,,54f5adfb9b0d4c94ba91e9252b929de0,0,4.998672037618234,8.686156498733896,0.0
COMPLETED,True,False,1,1,0,"[{""start_s"": 3.09423828125, ""end_s"": null, ""detection_s"": null, ""detection_latency_s"": null, ""confirmed_recovery_s"": null, ""stabilization_time_s"": null}]",[],0,0,0,16.9058837890625,0,0,0,0.0,0,False,20.0,20.0,,,,e2e-final-5,300005,controllable,retry_b,True,no_adaptation,,,a0a167e88fdc49d192d00c3244c0c26b,0,5.405269539915024,6.560684067662768,0.0
COMPLETED,True,False,1,1,0,"[{""start_s"": 4.3746337890625, ""end_s"": null, ""detection_s"": null, ""detection_latency_s"": null, ""confirmed_recovery_s"": null, ""stabilization_time_s"": null}]",[],0,0,0,15.62548828125,0,0,0,0.0,0,False,20.0,20.0,,,,e2e-final-6,300006,controllable,recover_c,True,no_adaptation,,,47d0d0f4bc354f54bbd0e811095bf4bc,0,4.819049936486408,5.762192325200847,0.0
COMPLETED,True,False,1,1,0,"[{""start_s"": 4.8856201171875, ""end_s"": 20.1490478515625, ""detection_s"": null, ""detection_latency_s"": null, ""confirmed_recovery_s"": null, ""stabilization_time_s"": null}]",[],0,0,0,11.750244140625,0,0,0,0.0,0,False,30.0,30.0,,,,e2e-final-7,300007,controllable,repeat_after_c,True,no_adaptation,,,1b3756b121464cc2b21edb09daecced3,0,7.148483971832322,11.002081402111779,0.0
COMPLETED,True,False,1,1,0,"[{""start_s"": 3.5728759765625, ""end_s"": null, ""detection_s"": null, ""detection_latency_s"": null, ""confirmed_recovery_s"": null, ""stabilization_time_s"": null}]",[],0,0,0,16.42724609375,0,0,0,0.0,0,False,20.0,20.0,,,,e2e-final-8,300008,controllable,recover_a,True,no_adaptation,,,c5eb43619785415591a3f8ef09105016,0,5.326356954174112,9.682328217895702,0.0
COMPLETED,True,False,1,1,0,"[{""start_s"": 4.2376708984375, ""end_s"": null, ""detection_s"": null, ""detection_latency_s"": null, ""confirmed_recovery_s"": null, ""stabilization_time_s"": null}]",[],0,0,0,15.762451171875,0,0,0,0.0,0,False,20.0,20.0,,,,e2e-final-9,300009,controllable,retry_b,True,no_adaptation,,,a7d704a8007746c191efef39a007b81a,0,5.060786224203184,8.030785891460239,0.0
COMPLETED,True,False,1,1,0,"[{""start_s"": 3.0850830078125, ""end_s"": null, ""detection_s"": null, ""detection_latency_s"": null, ""confirmed_recovery_s"": null, ""stabilization_time_s"": null}]",[],0,0,0,16.9150390625,0,0,0,0.0,0,False,20.0,20.0,,,,e2e-final-10,300010,controllable,recover_c,True,no_adaptation,,,1ed9a1165bee408ab9c0f8f69f5fa129,0,18.456407665507864,23.2764237909577,0.0
COMPLETED,True,False,1,1,0,"[{""start_s"": 3.1947021484375, ""end_s"": 20.1490478515625, ""detection_s"": null, ""detection_latency_s"": null, ""confirmed_recovery_s"": null, ""stabilization_time_s"": null}]",[],0,0,0,13.441162109375,0,0,0,0.0,0,False,30.0,30.0,,,,e2e-final-11,300011,controllable,repeat_after_c,True,no_adaptation,,,f296d1ced63f449392c30bb88d792d94,0,9.126030665356668,43.1414637237319,0.0
COMPLETED,True,False,1,1,0,"[{""start_s"": 4.9969482421875, ""end_s"": null, ""detection_s"": null, ""detection_latency_s"": null, ""confirmed_recovery_s"": null, ""stabilization_time_s"": null}]",[],0,0,0,15.003173828125,0,0,0,0.0,0,False,20.0,20.0,,,,e2e-final-12,300012,controllable,recover_a,True,no_adaptation,,,f25999c868934d878d3b90b9bab6d664,0,5.8505775057710645,9.805826835799948,0.0
COMPLETED,True,False,1,1,0,"[{""start_s"": 3.1646728515625, ""end_s"": null, ""detection_s"": null, ""detection_latency_s"": null, ""confirmed_recovery_s"": null, ""stabilization_time_s"": null}]",[],0,0,0,16.83544921875,0,0,0,0.0,0,False,20.0,20.0,,,,e2e-final-13,300013,controllable,retry_b,True,no_adaptation,,,b60606be4a3a478fb939d37e95d55ff9,0,4.847772885113948,6.397224907996099,0.0
COMPLETED,True,False,1,1,0,"[{""start_s"": 3.3504638671875, ""end_s"": null, ""detection_s"": null, ""detection_latency_s"": null, ""confirmed_recovery_s"": null, ""stabilization_time_s"": null}]",[],0,0,0,16.649658203125,0,0,0,0.0,0,False,20.0,20.0,,,,e2e-final-14,300014,controllable,recover_c,True,no_adaptation,,,c066c21a221447cf9200b8155b2e626d,0,6.8943690392188675,13.150047626113514,0.0
COMPLETED,True,False,1,1,0,"[{""start_s"": 4.390380859375, ""end_s"": 20.1490478515625, ""detection_s"": null, ""detection_latency_s"": null, ""confirmed_recovery_s"": null, ""stabilization_time_s"": null}]",[],0,0,0,12.2454833984375,0,0,0,0.0,0,False,30.0,30.0,,,,e2e-final-15,300015,controllable,repeat_after_c,False,no_adaptation,,,ad821e569f524de0b28fc7e6a3c63cc1,0,8.049946528626606,12.510783044854175,0.0
COMPLETED,True,False,1,1,0,"[{""start_s"": 3.7548828125, ""end_s"": null, ""detection_s"": null, ""detection_latency_s"": null, ""confirmed_recovery_s"": null, ""stabilization_time_s"": null}]",[],0,0,0,16.2452392578125,0,0,0,0.0,0,False,20.0,20.0,,,,e2e-final-16,300016,controllable,recover_a,False,no_adaptation,,,464a194ac4bc457897b2d33c9b836394,0,5.215563019737599,9.499543249839903,0.0
COMPLETED,True,False,1,1,0,"[{""start_s"": 4.0826416015625, ""end_s"": null, ""detection_s"": null, ""detection_latency_s"": null, ""confirmed_recovery_s"": null, ""stabilization_time_s"": null}]",[],0,0,0,15.91748046875,0,0,0,0.0,0,False,20.0,20.0,,,,e2e-final-17,300017,controllable,retry_b,False,no_adaptation,,,a8fdf13a2a04428ba88ef7264f1a4df9,0,5.0047020020429045,8.910928795812637,0.0
COMPLETED,True,False,1,1,0,"[{""start_s"": 3.1407470703125, ""end_s"": null, ""detection_s"": null, ""detection_latency_s"": null, ""confirmed_recovery_s"": null, ""stabilization_time_s"": null}]",[],0,0,0,16.859375,0,0,0,0.0,0,False,20.0,20.0,,,,e2e-final-18,300018,controllable,recover_c,False,no_adaptation,,,b4359364ae8749088085079692c4e7e4,0,6.230330979451535,11.470315502956506,0.0
COMPLETED,True,False,1,1,0,"[{""start_s"": 3.597900390625, ""end_s"": 20.1490478515625, ""detection_s"": null, ""detection_latency_s"": null, ""confirmed_recovery_s"": null, ""stabilization_time_s"": null}]",[],0,0,0,13.0379638671875,0,0,0,0.0,0,False,30.0,30.0,,,,e2e-final-19,300019,controllable,repeat_after_c,False,no_adaptation,,,dc40974e48454bae80f3994f6193e9a3,0,8.01955794449896,14.989188587060196,0.0
COMPLETED,True,False,1,1,0,"[{""start_s"": 4.1827392578125, ""end_s"": null, ""detection_s"": null, ""detection_latency_s"": null, ""confirmed_recovery_s"": null, ""stabilization_time_s"": null}]",[],0,0,0,15.8173828125,0,0,0,0.0,0,False,20.0,20.0,,,,e2e-final-20,300020,controllable,recover_a,False,no_adaptation,,,be8edf3d477c4b198be7c7386cbfc003,0,6.006204063305626,10.055660415673627,0.0
COMPLETED,True,False,1,1,0,"[{""start_s"": 3.3721923828125, ""end_s"": null, ""detection_s"": null, ""detection_latency_s"": null, ""confirmed_recovery_s"": null, ""stabilization_time_s"": null}]",[],0,0,0,16.6279296875,0,0,0,0.0,0,False,20.0,20.0,,,,e2e-final-21,300021,controllable,retry_b,False,no_adaptation,,,077b6949aa784ecfac503505e74de6ed,0,5.482148769078775,9.741135124349961,0.0
COMPLETED,True,False,1,1,0,"[{""start_s"": 3.1246337890625, ""end_s"": null, ""detection_s"": null, ""detection_latency_s"": null, ""confirmed_recovery_s"": null, ""stabilization_time_s"": null}]",[],0,0,0,16.87548828125,0,0,0,0.0,0,False,20.0,20.0,,,,e2e-final-22,300022,controllable,recover_c,False,no_adaptation,,,0b0bb7b3ef9f40c5a4b6ec2ef9cebf43,0,8.591336268000301,10.831864916253773,0.0
COMPLETED,True,False,1,1,0,"[{""start_s"": 3.276611328125, ""end_s"": 20.1490478515625, ""detection_s"": null, ""detection_latency_s"": null, ""confirmed_recovery_s"": null, ""stabilization_time_s"": null}]",[],0,0,0,13.3592529296875,0,0,0,0.0,0,False,30.0,30.0,,,,e2e-final-23,300023,controllable,repeat_after_c,False,no_adaptation,,,a2f0ccd613f2406d8a4bfe3bb8164f47,0,6.864132353803147,11.14897612249477,0.0
COMPLETED,True,False,1,1,0,"[{""start_s"": 3.8909912109375, ""end_s"": null, ""detection_s"": null, ""detection_latency_s"": null, ""confirmed_recovery_s"": null, ""stabilization_time_s"": null}]",[],0,0,0,16.109130859375,0,0,0,0.0,0,False,20.0,20.0,,,,e2e-final-24,300024,controllable,recover_a,False,no_adaptation,,,2ccaaaa43b7745d1802847b9d0154535,0,11.054788209730757,19.843076940160223,0.0
COMPLETED,True,False,1,1,0,"[{""start_s"": 3.616455078125, ""end_s"": null, ""detection_s"": null, ""detection_latency_s"": null, ""confirmed_recovery_s"": null, ""stabilization_time_s"": null}]",[],0,0,0,16.3836669921875,0,0,0,0.0,0,False,20.0,20.0,,,,e2e-final-25,300025,controllable,retry_b,False,no_adaptation,,,d59f8936d2ad4a70bf7d3650323f2bbb,0,5.900908843614161,9.853004510514433,0.0
COMPLETED,True,False,1,1,0,"[{""start_s"": 4.421142578125, ""end_s"": null, ""detection_s"": null, ""detection_latency_s"": null, ""confirmed_recovery_s"": null, ""stabilization_time_s"": null}]",[],0,0,0,15.5789794921875,0,0,0,0.0,0,False,20.0,20.0,,,,e2e-final-26,300026,controllable,recover_c,False,no_adaptation,,,7ce87cea8fc2475aa157b7b087186ea9,0,5.48920972505584,9.8517933615949,0.0
COMPLETED,True,False,1,1,0,"[{""start_s"": 4.641845703125, ""end_s"": 20.1490478515625, ""detection_s"": null, ""detection_latency_s"": null, ""confirmed_recovery_s"": null, ""stabilization_time_s"": null}]",[],0,0,0,11.9940185546875,0,0,0,0.0,0,False,30.0,30.0,,,,e2e-final-27,300027,controllable,repeat_after_c,False,no_adaptation,,,4c2efab64bb844dfb6abc02133dd4918,0,7.0288766641169795,9.663643564563236,0.0
COMPLETED,True,False,1,1,0,"[{""start_s"": 4.0543212890625, ""end_s"": null, ""detection_s"": null, ""detection_latency_s"": null, ""confirmed_recovery_s"": null, ""stabilization_time_s"": null}]",[],0,0,0,15.94580078125,0,0,0,0.0,0,False,20.0,20.0,,,,e2e-final-28,300028,controllable,recover_a,False,no_adaptation,,,dcd1dbd7aef847999445e94c9f50c13a,0,8.46287105232477,13.446450860938043,0.0
COMPLETED,True,False,1,1,0,"[{""start_s"": 3.728759765625, ""end_s"": null, ""detection_s"": null, ""detection_latency_s"": null, ""confirmed_recovery_s"": null, ""stabilization_time_s"": null}]",[],0,0,0,16.2713623046875,0,0,0,0.0,0,False,20.0,20.0,,,,e2e-final-29,300029,controllable,retry_b,False,no_adaptation,,,b0315d9de46349c5b39abf901024ad7d,0,6.245149555616081,11.05891291517764,0.0
COMPLETED,True,True,0,0,0,[],[],0,0,0,0.0,0,0,0,0.0,0,True,20.0,20.0,,,,e2e-final-30,300030,stable,stable,True,no_adaptation,,,3862b904511d4cc48015415f11d74c8c,0,6.247012439416714,10.743842708179637,0.0
COMPLETED,True,True,0,0,0,[],[],0,0,0,0.0,0,0,0,0.0,0,True,20.0,20.0,,,,e2e-final-31,300031,stable,stable,True,no_adaptation,,,22b096491b354cf0bfef446dceee6559,0,7.034413557266816,10.979538332903749,0.0
COMPLETED,True,True,0,0,0,[],[],0,0,0,0.0,0,0,0,0.0,0,True,20.0,20.0,,,,e2e-final-32,300032,stable,stable,True,no_adaptation,,,74eb4eb898d84b329ba1ebd779a40aff,0,5.154412408592178,8.791347672231485,0.0
COMPLETED,True,True,0,0,0,[],[],0,0,0,0.0,0,0,0,0.0,0,True,20.0,20.0,,,,e2e-final-33,300033,stable,stable,True,no_adaptation,,,7e3245644a884af19f2c2bf7c1218df3,0,7.836057024542227,16.91011441056616,0.0
COMPLETED,True,True,0,0,0,[],[],0,0,0,0.0,0,0,0,0.0,0,True,20.0,20.0,,,,e2e-final-34,300034,stable,stable,True,no_adaptation,,,bfdd7fa1cd6f46e1b74757f135696766,0,7.253725599730387,14.190541295101866,0.0
COMPLETED,True,True,0,0,0,[],[],0,0,0,0.0,0,0,0,0.0,0,True,20.0,20.0,,,,e2e-final-35,300035,stable,stable,True,no_adaptation,,,b22a43b536cc4a3595701b160b8828b8,0,5.87268034578301,9.313644368667145,0.0
COMPLETED,True,True,0,0,0,[],[],0,0,0,0.0,0,0,0,0.0,0,True,20.0,20.0,,,,e2e-final-36,300036,stable,stable,True,no_adaptation,,,cd37d8498ef043cea21a4e4ec360d7b0,0,5.613683036062864,9.614329889882338,0.0
COMPLETED,True,True,0,0,0,[],[],0,0,0,0.0,0,0,0,0.0,0,True,20.0,20.0,,,,e2e-final-37,300037,stable,stable,True,no_adaptation,,,00aac467c5dc46a59ba436f686b5ca8d,0,5.879929201910271,8.032105584861686,0.0
COMPLETED,True,True,0,0,0,[],[],0,0,0,0.0,0,0,0,0.0,0,True,20.0,20.0,,,,e2e-final-38,300038,stable,stable,True,no_adaptation,,,06b6f47c04e8456dbca36900b14be3b4,0,11.198781541315839,23.024997619213508,0.0
COMPLETED,True,True,0,0,0,[],[],0,0,0,0.0,0,0,0,0.0,0,True,20.0,20.0,,,,e2e-final-39,300039,stable,stable,True,no_adaptation,,,a6439c6a45974ad49a80cb861fe94bfe,0,6.2601234239991745,10.812034104019393,0.0
COMPLETED,True,True,0,0,0,[],[],0,0,0,0.0,0,0,0,0.0,0,True,20.0,20.0,,,,e2e-final-40,300040,stable,stable,True,no_adaptation,,,d753cbfcfe1048cebead12b8e10d4d2e,0,5.908672045916316,10.98357358132488,0.0
COMPLETED,True,True,0,0,0,[],[],0,0,0,0.0,0,0,0,0.0,0,True,20.0,20.0,,,,e2e-final-41,300041,stable,stable,True,no_adaptation,,,855f4e0aa2b7483bbf8eebc2a5064ade,0,6.456131726736203,10.428132968954742,0.0
COMPLETED,True,True,0,0,0,[],[],0,0,0,0.0,0,0,0,0.0,0,True,20.0,20.0,,,,e2e-final-42,300042,stable,stable,True,no_adaptation,,,58babd664f154cfb80483df945c187b3,0,5.832173995440819,10.49692742526531,0.0
COMPLETED,True,True,0,0,0,[],[],0,0,0,0.0,0,0,0,0.0,0,True,20.0,20.0,,,,e2e-final-43,300043,stable,stable,True,no_adaptation,,,e17514ea0cc344a58a28dca8c65cad07,0,6.881593022262676,12.20278638065791,0.0
COMPLETED,True,True,0,0,0,[],[],0,0,0,0.0,0,0,0,0.0,0,True,20.0,20.0,,,,e2e-final-44,300044,stable,stable,True,no_adaptation,,,618bbe26f752420e86fd169547b3dbb9,0,8.424270077375693,13.133481347467592,0.0
COMPLETED,True,True,0,0,0,[],[],0,0,0,0.0,0,0,0,0.0,0,True,20.0,20.0,,,,e2e-final-45,300045,stable,stable,False,no_adaptation,,,aed45fac94cf44f8b7dbd6348f4f544a,0,6.271393538918344,10.20388864330016,0.0
COMPLETED,True,True,0,0,0,[],[],0,0,0,0.0,0,0,0,0.0,0,True,20.0,20.0,,,,e2e-final-46,300046,stable,stable,False,no_adaptation,,,05e74e16c2d947b3a38408449a106f41,0,6.2974934931844455,10.962717373622578,0.0
COMPLETED,True,True,0,0,0,[],[],0,0,0,0.0,0,0,0,0.0,0,True,20.0,20.0,,,,e2e-final-47,300047,stable,stable,False,no_adaptation,,,a8830e3613954582a6983e11b3ae0809,0,12.160579493502151,21.202688649063912,0.0
COMPLETED,True,True,0,0,0,[],[],0,0,0,0.0,0,0,0,0.0,0,True,20.0,20.0,,,,e2e-final-48,300048,stable,stable,False,no_adaptation,,,7837dc0e525846b98c6d7652dcc91541,0,6.275214086053887,10.433246395550665,0.0
COMPLETED,True,True,0,0,0,[],[],0,0,0,0.0,0,0,0,0.0,0,True,20.0,20.0,,,,e2e-final-49,300049,stable,stable,False,no_adaptation,,,c21d42a91d11405a809d7d21fae973b7,0,10.78149151871912,26.307858553482212,0.0
COMPLETED,True,True,0,0,0,[],[],0,0,0,0.0,0,0,0,0.0,0,True,20.0,20.0,,,,e2e-final-50,300050,stable,stable,False,no_adaptation,,,fb017202152240b99ca76058aa82b8dd,0,6.5000475035048995,11.660172297852112,0.0
COMPLETED,True,True,0,0,0,[],[],0,0,0,0.0,0,0,0,0.0,0,True,20.0,20.0,,,,e2e-final-51,300051,stable,stable,False,no_adaptation,,,714058e1777e4384a71f2dd5ee039c76,0,6.749590579420327,10.80533248488789,0.0
COMPLETED,True,True,0,0,0,[],[],0,0,0,0.0,0,0,0,0.0,0,True,20.0,20.0,,,,e2e-final-52,300052,stable,stable,False,no_adaptation,,,97e34491f5bc4ff79a8e769d03525f39,0,13.606560038169839,29.554588781902527,0.0
COMPLETED,True,True,0,0,0,[],[],0,0,0,0.0,0,0,0,0.0,0,True,20.0,20.0,,,,e2e-final-53,300053,stable,stable,False,no_adaptation,,,4a4dd4b37df24e3ebe0d5118785f4c09,0,7.691543985856694,10.616591811412924,0.0
COMPLETED,True,True,0,0,0,[],[],0,0,0,0.0,0,0,0,0.0,0,True,20.0,20.0,,,,e2e-final-54,300054,stable,stable,False,no_adaptation,,,c36e0e7982244f96a5f728f7c81b9bf4,0,6.008570943959057,9.763310690177601,0.0
COMPLETED,True,True,0,0,0,[],[],0,0,0,0.0,0,0,0,0.0,0,True,20.0,20.0,,,,e2e-final-55,300055,stable,stable,False,no_adaptation,,,202fe40362ee4cd18d8c3f2f1e35ba8b,0,7.120221469085656,22.179322813171186,0.0
COMPLETED,True,True,0,0,0,[],[],0,0,0,0.0,0,0,0,0.0,0,True,20.0,20.0,,,,e2e-final-56,300056,stable,stable,False,no_adaptation,,,566adbe04f1f4bf3b98e4857e33d21ea,0,8.357878215610981,11.507980896858491,0.0
COMPLETED,True,True,0,0,0,[],[],0,0,0,0.0,0,0,0,0.0,0,True,20.0,20.0,,,,e2e-final-57,300057,stable,stable,False,no_adaptation,,,de916f541cb24a14a06fffb370ae6ee4,0,8.430027862777926,15.532771993894093,0.0
COMPLETED,True,True,0,0,0,[],[],0,0,0,0.0,0,0,0,0.0,0,True,20.0,20.0,,,,e2e-final-58,300058,stable,stable,False,no_adaptation,,,73655cd33fd84f85a70b38dd89b4ae24,0,8.318420947762204,12.984139133477576,0.0
COMPLETED,True,True,0,0,0,[],[],0,0,0,0.0,0,0,0,0.0,0,True,20.0,20.0,,,,e2e-final-59,300059,stable,stable,False,no_adaptation,,,6c216d20aaa640e9a7167838e5fba240,0,6.8087519321125,7.876336576882718,0.0
HOLD,False,False,1,0,1,"[{""start_s"": 4.9229736328125, ""end_s"": null, ""detection_s"": 5.4, ""detection_latency_s"": 0.47702636718750036, ""confirmed_recovery_s"": null, ""stabilization_time_s"": null}]",[],0,0,0,3.777099609375,1,0,0,0.0,1,False,8.699951171875,,"[1.4059109845948938, 1.1247893459028184, 0.8430384034397164]",,,e2e-final-0,300000,controllable,recover_a,True,baseline,ATTEMPTS_EXHAUSTED,,8afa440560e64ddbb3352eb5470143a3,0,13.23094494873659,34.66158478520812,
HOLD,False,False,1,1,0,"[{""start_s"": 4.1614990234375, ""end_s"": null, ""detection_s"": null, ""detection_latency_s"": null, ""confirmed_recovery_s"": null, ""stabilization_time_s"": null}]",[],0,0,0,3.238525390625,1,1,1,135.13691850874298,1,False,7.39990234375,,"[0.7538005046840661, 0.6051340282649406, 0.4572233293807499]",,,e2e-final-1,300001,controllable,retry_b,True,baseline,ATTEMPTS_EXHAUSTED,,030089e5e86f432b800f869e5ad17d9c,0,13.065196532988919,38.31295320298514,
HOLD,False,False,1,0,1,"[{""start_s"": 3.3585205078125, ""end_s"": null, ""detection_s"": 3.8, ""detection_latency_s"": 0.4414794921874998, ""confirmed_recovery_s"": null, ""stabilization_time_s"": null}]",[],0,0,0,3.7415771484375,1,0,0,0.0,1,False,7.0999755859375,,"[1.3048598643624052, 1.0459308766258497, 0.7868525773515159]",,,e2e-final-2,300002,controllable,recover_c,True,baseline,ATTEMPTS_EXHAUSTED,,a2ef43bb5ce24859929f00ad55b13978,0,12.532454973552376,35.48843094613396,
HOLD,False,False,1,1,0,"[{""start_s"": 4.6788330078125, ""end_s"": null, ""detection_s"": null, ""detection_latency_s"": null, ""confirmed_recovery_s"": null, ""stabilization_time_s"": null}]",[],0,0,0,2.72119140625,1,1,1,135.13691850874298,1,False,7.39990234375,,"[0.9273608388144097, 0.7432272276377563, 0.5586474093402893]",,,e2e-final-3,300003,controllable,repeat_after_c,True,baseline,ATTEMPTS_EXHAUSTED,,da2b42c652494db0b270fc99aceff1db,0,10.4651054716669,29.993171382229697,
HOLD,False,False,1,0,1,"[{""start_s"": 3.5374755859375, ""end_s"": null, ""detection_s"": 3.8, ""detection_latency_s"": 0.2625244140624998, ""confirmed_recovery_s"": null, ""stabilization_time_s"": null}]",[],0,0,0,3.5626220703125,1,0,0,0.0,1,False,7.0999755859375,,"[0.8551544894199646, 0.686925888891867, 0.5192459227929962]",,,e2e-final-4,300004,controllable,recover_a,True,baseline,ATTEMPTS_EXHAUSTED,,f075778b4b8c466e91141a54be10d3e2,0,10.086300026159734,29.45976307382802,
HOLD,False,False,1,0,1,"[{""start_s"": 3.09423828125, ""end_s"": null, ""detection_s"": 3.5, ""detection_latency_s"": 0.40576171875, ""confirmed_recovery_s"": null, ""stabilization_time_s"": null}]",[],0,0,0,3.705810546875,1,0,0,0.0,1,False,6.7999267578125,,"[1.2826601813198093, 1.028467068925007, 0.7719283244986568]",,,e2e-final-5,300005,controllable,retry_b,True,baseline,ATTEMPTS_EXHAUSTED,,b1715c8d3b4c4bdfb62da0466c34da61,0,21.492481476161622,47.01909872819663,
HOLD,False,False,1,1,0,"[{""start_s"": 4.3975830078125, ""end_s"": null, ""detection_s"": null, ""detection_latency_s"": null, ""confirmed_recovery_s"": null, ""stabilization_time_s"": null}]",[],0,0,0,3.00244140625,1,1,1,135.13691850874298,1,False,7.39990234375,,"[1.1086291194213649, 0.8868648524594069, 0.6653532317375951]",,,e2e-final-6,300006,controllable,recover_c,True,baseline,ATTEMPTS_EXHAUSTED,,ea9ed37554ac4b63b1e0cb329463983f,0,11.396555998362588,31.967558995820475,
HOLD,False,False,1,1,0,"[{""start_s"": 5.083251953125, ""end_s"": null, ""detection_s"": null, ""detection_latency_s"": null, ""confirmed_recovery_s"": null, ""stabilization_time_s"": null}]",[],0,0,0,2.4168701171875,1,1,1,133.33333333333334,1,False,7.5,,"[1.002373661999748, 0.8043118969490388, 0.6039808621159577]",,,e2e-final-7,300007,controllable,repeat_after_c,True,baseline,ATTEMPTS_EXHAUSTED,,69eca318f0e54eec992dc6daa18b1d59,0,10.766564949881285,32.65935116913179,
HOLD,False,False,1,0,1,"[{""start_s"": 3.5728759765625, ""end_s"": null, ""detection_s"": 3.9, ""detection_latency_s"": 0.3271240234374999, ""confirmed_recovery_s"": null, ""stabilization_time_s"": null}]",[],0,0,0,3.627197265625,1,0,0,0.0,1,False,7.199951171875,,"[1.206913235660786, 0.969161112486642, 0.727080378015747]",,,e2e-final-8,300008,controllable,recover_a,True,baseline,ATTEMPTS_EXHAUSTED,,327ee4bddf874e8f9555e38b8a25c6ad,0,10.004710493376479,30.48615718144003,
HOLD,False,False,1,0,1,"[{""start_s"": 4.2376708984375, ""end_s"": null, ""detection_s"": 4.6, ""detection_latency_s"": 0.36232910156249964, ""confirmed_recovery_s"": null, ""stabilization_time_s"": null}]",[],0,0,0,3.662353515625,1,0,0,0.0,1,False,7.89990234375,,"[0.9921030369667184, 0.793635950621345, 0.5971528502415371]",,,e2e-final-9,300009,controllable,retry_b,True,baseline,ATTEMPTS_EXHAUSTED,,6e91157c5fa84331aba474f457d13efd,0,11.496203986462204,31.924756828229842,
HOLD,False,False,1,0,1,"[{""start_s"": 3.0850830078125, ""end_s"": null, ""detection_s"": 3.4, ""detection_latency_s"": 0.3149169921874999, ""confirmed_recovery_s"": null, ""stabilization_time_s"": null}]",[],0,0,0,3.614990234375,1,0,0,0.0,1,False,6.699951171875,,"[0.8785120112300346, 0.7029521849203513, 0.5277450411910074]",,,e2e-final-10,300010,controllable,recover_c,True,baseline,ATTEMPTS_EXHAUSTED,,a4b312fd43e94cd8a8c696995ac642d2,0,10.439630982000379,31.714560007676553,
HOLD,False,False,1,0,1,"[{""start_s"": 3.1947021484375, ""end_s"": null, ""detection_s"": 3.6, ""detection_latency_s"": 0.4052978515625001, ""confirmed_recovery_s"": null, ""stabilization_time_s"": null}]",[],0,0,0,3.705322265625,1,0,0,0.0,1,False,6.89990234375,,"[1.230407786636661, 0.9844008496508085, 0.7423730286505763]",,,e2e-final-11,300011,controllable,repeat_after_c,True,baseline,ATTEMPTS_EXHAUSTED,,2b68eeb7871f4344818bc9d3be11f38a,0,9.79146005120128,30.427664411254113,
HOLD,False,False,1,1,0,"[{""start_s"": 5.46875, ""end_s"": null, ""detection_s"": null, ""detection_latency_s"": null, ""confirmed_recovery_s"": null, ""stabilization_time_s"": null}]",[],0,0,0,1.7313232421875,1,1,1,138.88983079583602,1,False,7.199951171875,,"[0.8860147784558788, 0.7085424340770105, 0.5323598456884778]",,,e2e-final-12,300012,controllable,recover_a,True,baseline,ATTEMPTS_EXHAUSTED,,86b2f92660ac4ff7bb07e16e8f6206eb,0,14.608979970216756,46.68793919729097,
HOLD,False,False,1,0,1,"[{""start_s"": 3.1646728515625, ""end_s"": null, ""detection_s"": 3.5, ""detection_latency_s"": 0.3353271484375, ""confirmed_recovery_s"": null, ""stabilization_time_s"": null}]",[],0,0,0,3.6353759765625,1,0,0,0.0,1,False,6.7999267578125,,"[0.9336335507037244, 0.7482449284948688, 0.5629195987139946]",,,e2e-final-13,300013,controllable,retry_b,True,baseline,ATTEMPTS_EXHAUSTED,,ad0191ea00f2481bae949e9be6d54b65,0,10.23497101268731,128.84732280159324,
HOLD,False,False,1,0,1,"[{""start_s"": 3.3504638671875, ""end_s"": null, ""detection_s"": 3.7, ""detection_latency_s"": 0.3495361328125002, ""confirmed_recovery_s"": null, ""stabilization_time_s"": null}]",[],0,0,0,3.649658203125,1,0,0,0.0,1,False,7.0,,"[1.1821496564740623, 0.9481849790699184, 0.7124417873671456]",,,e2e-final-14,300014,controllable,recover_c,True,baseline,ATTEMPTS_EXHAUSTED,,82d017b110c849c7bd4e41236dec446a,0,13.61982605885714,62.50014811987058,
HOLD,False,False,1,0,1,"[{""start_s"": 4.390380859375, ""end_s"": null, ""detection_s"": 4.7, ""detection_latency_s"": 0.3096191406250002, ""confirmed_recovery_s"": null, ""stabilization_time_s"": null}]",[],0,0,0,3.6097412109375,1,0,0,0.0,1,False,8.0,,"[0.8680671482523212, 0.6960504587288089, 0.5258791577234893]",,,e2e-final-15,300015,controllable,repeat_after_c,False,baseline,ATTEMPTS_EXHAUSTED,,cab6405849cf4b62ad2e02ab42b74872,0,10.21482904907316,27.602295286487667,
HOLD,False,False,1,0,1,"[{""start_s"": 3.7548828125, ""end_s"": null, ""detection_s"": 4.2, ""detection_latency_s"": 0.4451171875000002, ""confirmed_recovery_s"": null, ""stabilization_time_s"": null}]",[],0,0,0,3.7452392578125,1,0,0,0.0,1,False,7.5,,"[1.309658598291933, 1.0473096965734323, 0.7901621670976043]",,,e2e-final-16,300016,controllable,recover_a,False,baseline,ATTEMPTS_EXHAUSTED,,001173fd9a1947c29a3ac49cca1809f4,0,12.438288051635027,33.44255283242104,
HOLD,False,False,1,0,1,"[{""start_s"": 4.0826416015625, ""end_s"": null, ""detection_s"": 4.5, ""detection_latency_s"": 0.4173583984375, ""confirmed_recovery_s"": null, ""stabilization_time_s"": null}]",[],0,0,0,3.7174072265625,1,0,0,0.0,1,False,7.7999267578125,,"[1.3606005677388615, 1.0890497632374536, 0.8170139596732477]",,,e2e-final-17,300017,controllable,retry_b,False,baseline,ATTEMPTS_EXHAUSTED,,0c1ed851b7e64f2da9f81dd162ba69c4,0,10.032790474360807,27.872688621282656,
HOLD,False,False,1,0,1,"[{""start_s"": 3.1407470703125, ""end_s"": null, ""detection_s"": 3.5, ""detection_latency_s"": 0.3592529296875, ""confirmed_recovery_s"": null, ""stabilization_time_s"": null}]",[],0,0,0,3.6593017578125,1,0,0,0.0,1,False,6.7999267578125,,"[1.1690311654925747, 0.9353269216709075, 0.7026818831685296]",,,e2e-final-18,300018,controllable,recover_c,False,baseline,ATTEMPTS_EXHAUSTED,,1f623ab9d3864e11a4319d21518c04b2,0,10.30734903179109,30.691334696020895,
HOLD,False,False,1,0,1,"[{""start_s"": 3.597900390625, ""end_s"": null, ""detection_s"": 3.9, ""detection_latency_s"": 0.3020996093749999, ""confirmed_recovery_s"": null, ""stabilization_time_s"": null}]",[],0,0,0,3.6021728515625,1,0,0,0.0,1,False,7.199951171875,,"[0.8772304684723857, 0.7012396198607284, 0.5259854148541376]",,,e2e-final-19,300019,controllable,repeat_after_c,False,baseline,ATTEMPTS_EXHAUSTED,,ccc97b446e434ba38f8197c7acc1d9a8,0,27.62897402280942,44.78296048007906,
HOLD,False,False,1,0,1,"[{""start_s"": 4.1827392578125, ""end_s"": null, ""detection_s"": 4.5, ""detection_latency_s"": 0.3172607421875, ""confirmed_recovery_s"": null, ""stabilization_time_s"": null}]",[],0,0,0,3.6173095703125,1,0,0,0.0,1,False,7.7999267578125,,"[0.9624940221249064, 0.7697142830369833, 0.5789843593831507]",,,e2e-final-20,300020,controllable,recover_a,False,baseline,ATTEMPTS_EXHAUSTED,,ecdfd359d077408b9ac6466ca4738cb8,0,12.034826987655807,33.671588331926685,
HOLD,False,False,1,0,1,"[{""start_s"": 3.3721923828125, ""end_s"": null, ""detection_s"": 3.8, ""detection_latency_s"": 0.4278076171874998, ""confirmed_recovery_s"": null, ""stabilization_time_s"": null}]",[],0,0,0,3.7279052734375,1,0,0,0.0,1,False,7.0999755859375,,"[1.3420160190424442, 1.0735026292091607, 0.8059312546525682]",,,e2e-final-21,300021,controllable,retry_b,False,baseline,ATTEMPTS_EXHAUSTED,,91ceb60608244edd947e870aa77b9679,0,10.385100031271577,30.285872973035964,
HOLD,False,False,1,0,1,"[{""start_s"": 3.1246337890625, ""end_s"": null, ""detection_s"": 3.6, ""detection_latency_s"": 0.4753662109375001, ""confirmed_recovery_s"": null, ""stabilization_time_s"": null}]",[],0,0,0,3.775390625,1,0,0,0.0,1,False,6.89990234375,,"[1.4273237406893944, 1.143394808797472, 0.8572390893148613]",,,e2e-final-22,300022,controllable,recover_c,False,baseline,ATTEMPTS_EXHAUSTED,,e560648c361c4689b628d4b9dde5c312,0,10.460700001567602,32.09655235055823,
HOLD,False,False,1,0,1,"[{""start_s"": 3.276611328125, ""end_s"": null, ""detection_s"": 3.7, ""detection_latency_s"": 0.4233886718750002, ""confirmed_recovery_s"": null, ""stabilization_time_s"": null}]",[],0,0,0,3.7235107421875,1,0,0,0.0,1,False,7.0,,"[1.3688281939404525, 1.0955305527479644, 0.8228460482554181]",,,e2e-final-23,300023,controllable,repeat_after_c,False,baseline,ATTEMPTS_EXHAUSTED,,6e58ee4d38d34d77bde4c6954b969f29,0,25.556979858083622,51.182768455473806,
HOLD,False,False,1,0,1,"[{""start_s"": 3.8909912109375, ""end_s"": null, ""detection_s"": 4.3, ""detection_latency_s"": 0.4090087890624998, ""confirmed_recovery_s"": null, ""stabilization_time_s"": null}]",[],0,0,0,3.7091064453125,1,0,0,0.0,1,False,7.5999755859375,,"[1.2856167593117853, 1.0316737641279552, 0.7729042650658918]",,,e2e-final-24,300024,controllable,recover_a,False,baseline,ATTEMPTS_EXHAUSTED,,333d1f1068d94daa80b8a9cd274d4cfb,0,13.988486753078178,33.814435242675245,
HOLD,False,False,1,0,1,"[{""start_s"": 3.616455078125, ""end_s"": null, ""detection_s"": 3.9, ""detection_latency_s"": 0.2835449218749999, ""confirmed_recovery_s"": null, ""stabilization_time_s"": null}]",[],0,0,0,3.5836181640625,1,0,0,0.0,1,False,7.199951171875,,"[0.8243745371385646, 0.6598071380736072, 0.49509861524310034]",,,e2e-final-25,300025,controllable,retry_b,False,baseline,ATTEMPTS_EXHAUSTED,,e944badccccd4e00973af152c7cea2d0,0,11.65891776327044,35.30370032298387,
HOLD,False,False,1,0,1,"[{""start_s"": 4.421142578125, ""end_s"": null, ""detection_s"": 4.7, ""detection_latency_s"": 0.2788574218750002, ""confirmed_recovery_s"": null, ""stabilization_time_s"": null}]",[],0,0,0,3.5789794921875,1,0,0,0.0,1,False,8.0,,"[0.8034633367581715, 0.6438804332144644, 0.4859940605597525]",,,e2e-final-26,300026,controllable,recover_c,False,baseline,ATTEMPTS_EXHAUSTED,,ff9b4845fe4943b1a177751d5fe08fd4,0,11.789174348814411,31.21445136377575,
HOLD,False,False,1,0,1,"[{""start_s"": 4.641845703125, ""end_s"": null, ""detection_s"": 5.0, ""detection_latency_s"": 0.358154296875, ""confirmed_recovery_s"": null, ""stabilization_time_s"": null}]",[],0,0,0,3.658203125,1,0,0,0.0,1,False,8.2999267578125,,"[1.0614993237089105, 0.849064283366722, 0.6382724668368059]",,,e2e-final-27,300027,controllable,repeat_after_c,False,baseline,ATTEMPTS_EXHAUSTED,,f5403eb256f845579428cd31625cd5aa,0,31.381274037994416,39.97940794331933,
HOLD,False,False,1,0,1,"[{""start_s"": 4.0543212890625, ""end_s"": null, ""detection_s"": 4.5, ""detection_latency_s"": 0.4456787109375, ""confirmed_recovery_s"": null, ""stabilization_time_s"": null}]",[],0,0,0,3.7457275390625,1,0,0,0.0,1,False,7.7999267578125,,"[1.4037783693800017, 1.1269584768840046, 0.8451946643998011]",,,e2e-final-28,300028,controllable,recover_a,False,baseline,ATTEMPTS_EXHAUSTED,,651efc26f4034ad19a4aa04b0650fb68,0,10.552672977792094,30.230436872225326,
HOLD,False,False,1,0,1,"[{""start_s"": 3.728759765625, ""end_s"": null, ""detection_s"": 4.0, ""detection_latency_s"": 0.271240234375, ""confirmed_recovery_s"": null, ""stabilization_time_s"": null}]",[],0,0,0,3.5712890625,1,0,0,0.0,1,False,7.2999267578125,,"[0.7769095952391278, 0.6217323297668949, 0.46731752116722997]",,,e2e-final-29,300029,controllable,retry_b,False,baseline,ATTEMPTS_EXHAUSTED,,330286fb797d4912b34281de1abbf249,0,11.075650015845895,29.567524371668718,
HOLD,False,False,0,0,0,[],[],0,0,0,0.0,1,1,1,133.33333333333334,1,False,7.5,,"[1.1812720634129157, 0.9453966159752273, 0.7088201357183201]",,,e2e-final-30,300030,stable,stable,True,baseline,ATTEMPTS_EXHAUSTED,,b8af3490a59e48c4bd573dbda4746584,0,11.53650595806539,29.507010497618566,
HOLD,False,False,0,0,0,[],[],0,0,0,0.0,1,1,1,136.98767579137473,1,False,7.2999267578125,,"[1.2225930378130772, 0.9788418913858854, 0.7349930198533574]",,,e2e-final-31,300031,stable,stable,True,baseline,ATTEMPTS_EXHAUSTED,,56aeb549dd0e4a568c5cd25183b198b2,0,10.095893987454472,31.10321883112195,
HOLD,False,False,0,0,0,[],[],0,0,0,0.0,1,1,1,62.5,1,False,16.0,,"[0.6218459992362827, 0.4987946535395797, 0.3790092418903263]",,,e2e-final-32,300032,stable,stable,True,baseline,ATTEMPTS_EXHAUSTED,,31e81830f66f429ba2192b4f8e66f232,0,11.682054027914996,33.65690401638851,
COMPLETED,True,True,0,0,0,[],[],0,0,0,0.0,0,0,0,0.0,0,True,20.0,20.0,,,,e2e-final-33,300033,stable,stable,True,baseline,,,ab3b77247f46478898dd09efc6ffd10f,0,6.2015310395509,9.603724457556357,0.0
HOLD,False,False,0,0,0,[],[],0,0,0,0.0,1,1,1,138.88983079583602,1,False,7.199951171875,,"[0.9811360114263019, 0.7852012275804291, 0.5900391672069053]",,,e2e-final-34,300034,stable,stable,True,baseline,ATTEMPTS_EXHAUSTED,,cba99d0bfc884fe8afb33ba0c1284a9f,0,12.710447981953624,29.457278937334326,
HOLD,False,False,0,0,0,[],"[{""time_s"": 7.2, ""grade"": ""confirmed_recovery""}]",1,0,0,0.0,1,1,2,111.73245314929486,1,False,17.89990234375,,"[1.0750688481372357, 0.8612962349858799, 0.6470394039868392]","[0.7785275177985046, 0.623860972964462, 0.47002867614542765]",0.2758347345405331,e2e-final-35,300035,stable,stable,True,baseline,NO_CANDIDATE,,1b7ec9e45b5b4d69b355bb9d7ee86e99,0,6.506387912668286,32.94208439532666,
HOLD,False,False,0,0,0,[],[],0,0,0,0.0,1,1,1,53.19169658916037,1,False,18.7999267578125,,"[0.9967856509604711, 0.7983445848994215, 0.598956597493413]",,,e2e-final-36,300036,stable,stable,True,baseline,ATTEMPTS_EXHAUSTED,,49a2e4108aad4978b37ffd141158f450,0,10.915861476678414,33.760847720550295,
HOLD,False,False,0,0,0,[],"[{""time_s"": 13.0, ""grade"": ""confirmed_recovery""}]",1,0,0,0.0,1,1,2,107.52702285868045,1,False,18.5999755859375,,"[0.9617221318637758, 0.7690719033414833, 0.5774207048077588]","[0.7019847332036278, 0.5610727994043782, 0.4221910403244581]",0.2700753055945465,e2e-final-37,300037,stable,stable,True,baseline,NO_CANDIDATE,,b2faaa9168454574a32b75043173ded1,0,8.287267584819347,33.75790201826028,
HOLD,False,False,0,0,0,[],[],0,0,0,0.0,1,1,1,61.72858111672067,1,False,16.199951171875,,"[0.9306428685938464, 0.7447895399381109, 0.5588307699832732]",,,e2e-final-38,300038,stable,stable,True,baseline,ATTEMPTS_EXHAUSTED,,1358340b24384c2088beac3c30b99741,0,16.250903898617246,50.157214162172544,
HOLD,False,False,0,0,0,[],"[{""time_s"": 12.8, ""grade"": ""confirmed_recovery""}]",1,0,0,0.0,1,1,2,107.52702285868045,1,False,18.5999755859375,,"[0.5777402992972117, 0.4658444297324641, 0.3542897082316676]","[0.4389831680472301, 0.35523244417765026, 0.27088106611995677]",0.24017215246845647,e2e-final-39,300039,stable,stable,True,baseline,NO_CANDIDATE,,3fc5a474b2924515b79411ddb3e2ab86,0,8.258624991867691,32.57176498882481,
COMPLETED,True,False,0,0,0,[],"[{""time_s"": 7.8, ""grade"": ""confirmed_recovery""}]",1,0,0,0.0,1,1,1,33.22261830893953,0,False,30.0999755859375,30.0999755859375,"[0.6506396140541905, 0.5219807298528522, 0.39465688509439684]","[0.46755187776366725, 0.37745242655169026, 0.28766323562515056]",0.2813965401671258,e2e-final-40,300040,stable,stable,True,baseline,,,210a3029731348959a33f9283141c10d,0,9.069300023838878,45.82889995072037,0.5049987792968751
COMPLETED,True,True,0,0,0,[],[],0,0,0,0.0,0,0,0,0.0,0,True,20.0,20.0,,,,e2e-final-41,300041,stable,stable,True,baseline,,,53cb87d4f52942078a551db1e5773bf8,0,6.951239914633325,10.161794646410254,0.0
HOLD,False,False,0,0,0,[],[],0,0,0,0.0,1,1,1,138.88983079583602,1,False,7.199951171875,,"[0.9508259923652698, 0.7615199451677602, 0.5707834774065107]",,,e2e-final-42,300042,stable,stable,True,baseline,ATTEMPTS_EXHAUSTED,,5580567413094e0aaeb9f7075fbda60c,0,13.70803053141572,41.65091274073354,
COMPLETED,True,True,0,0,0,[],[],0,0,0,0.0,0,0,0,0.0,0,True,20.0,20.0,,,,e2e-final-43,300043,stable,stable,True,baseline,,,841922ef59db4b088a62350224450fd8,0,8.990430273115622,16.077147936448444,0.0
COMPLETED,True,False,0,0,0,[],"[{""time_s"": 7.7, ""grade"": ""confirmed_recovery""}]",1,0,0,0.0,1,1,1,33.11263631880613,0,False,30.199951171875,30.199951171875,"[0.5123604293341242, 0.41170633935306583, 0.31362525346117215]","[0.38480867515964456, 0.3125961041548612, 0.241012694309466]",0.24894926866278277,e2e-final-44,300044,stable,stable,True,baseline,,,a5f086925500481a861d3b9f9335a43c,0,15.81029929220675,36.102576008997964,0.50999755859375
COMPLETED,True,True,0,0,0,[],[],0,0,0,0.0,0,0,0,0.0,0,True,20.0,20.0,,,,e2e-final-45,300045,stable,stable,False,baseline,,,d51c1c426e0e4a1c97765cc7e7631ace,0,8.204282430233421,16.120373784796982,0.0
COMPLETED,True,True,0,0,0,[],[],0,0,0,0.0,0,0,0,0.0,0,True,20.0,20.0,,,,e2e-final-46,300046,stable,stable,False,baseline,,,29fa2e755a204edaaa3e0a643925c2e6,0,7.437784119974821,10.089569734409435,0.0
COMPLETED,True,True,0,0,0,[],[],0,0,0,0.0,0,0,0,0.0,0,True,20.0,20.0,,,,e2e-final-47,300047,stable,stable,False,baseline,,,52ae6977edd3498a861d3af8222832ce,0,6.690779933705925,10.840663819108142,0.0
COMPLETED,True,True,0,0,0,[],[],0,0,0,0.0,0,0,0,0.0,0,True,20.0,20.0,,,,e2e-final-48,300048,stable,stable,False,baseline,,,6bc354d4a617491f8d858e60e42f47af,0,10.027809045277532,23.5766006424091,0.0
COMPLETED,True,True,0,0,0,[],[],0,0,0,0.0,0,0,0,0.0,0,True,20.0,20.0,,,,e2e-final-49,300049,stable,stable,False,baseline,,,78b75722210a48b5a663cadf6b83daef,0,6.153781560715288,10.310093935113397,0.0
COMPLETED,True,True,0,0,0,[],[],0,0,0,0.0,0,0,0,0.0,0,True,20.0,20.0,,,,e2e-final-50,300050,stable,stable,False,baseline,,,5572152dd14046a6ad1939147e26f6ee,0,7.002256496343762,11.544260344235202,0.0
COMPLETED,True,True,0,0,0,[],[],0,0,0,0.0,0,0,0,0.0,0,True,20.0,20.0,,,,e2e-final-51,300051,stable,stable,False,baseline,,,a1150fa873464a2998ec3767311469c0,0,6.815353507408869,10.089947675587608,0.0
COMPLETED,True,True,0,0,0,[],[],0,0,0,0.0,0,0,0,0.0,0,True,20.0,20.0,,,,e2e-final-52,300052,stable,stable,False,baseline,,,18d31acb7c254a8780d4c2b10749c352,0,10.355184011859789,19.597697136923546,0.0
COMPLETED,True,True,0,0,0,[],[],0,0,0,0.0,0,0,0,0.0,0,True,20.0,20.0,,,,e2e-final-53,300053,stable,stable,False,baseline,,,4819776a0b484e2ba6b2c05b736c2cb9,0,5.873053427785633,9.5459112431854,0.0
COMPLETED,True,True,0,0,0,[],[],0,0,0,0.0,0,0,0,0.0,0,True,20.0,20.0,,,,e2e-final-54,300054,stable,stable,False,baseline,,,4278bf13dd0241bba8cec78fa0fedc29,0,10.382521460996937,25.482431708369386,0.0
COMPLETED,True,True,0,0,0,[],[],0,0,0,0.0,0,0,0,0.0,0,True,20.0,20.0,,,,e2e-final-55,300055,stable,stable,False,baseline,,,649b699ac7eb49d7adb4c3d073e9ee7b,0,6.4557001052889955,10.857559524010867,0.0
COMPLETED,True,True,0,0,0,[],[],0,0,0,0.0,0,0,0,0.0,0,True,20.0,20.0,,,,e2e-final-56,300056,stable,stable,False,baseline,,,462248e0e6b945bf82cddb352673a95d,0,11.114302475471018,28.470378656638786,0.0
COMPLETED,True,True,0,0,0,[],[],0,0,0,0.0,0,0,0,0.0,0,True,20.0,20.0,,,,e2e-final-57,300057,stable,stable,False,baseline,,,c39e3caaef504e679175761b4fb0d660,0,6.434045935748145,10.922252282034606,0.0
COMPLETED,True,True,0,0,0,[],[],0,0,0,0.0,0,0,0,0.0,0,True,20.0,20.0,,,,e2e-final-58,300058,stable,stable,False,baseline,,,63bfb42008eb433abbaf148a928453a2,0,10.160714562516638,36.09849448781449,0.0
COMPLETED,True,True,0,0,0,[],[],0,0,0,0.0,0,0,0,0.0,0,True,20.0,20.0,,,,e2e-final-59,300059,stable,stable,False,baseline,,,c02cfd88f8e5460986e9f224cb3cbd3c,0,6.393004063284022,7.872523505939136,0.0
COMPLETED,True,True,1,0,1,"[{""start_s"": 4.9229736328125, ""end_s"": 9.6484375, ""detection_s"": 5.4, ""detection_latency_s"": 0.47702636718750036, ""confirmed_recovery_s"": 11.3, ""stabilization_time_s"": 6.377026367187501}]","[{""time_s"": 8.3, ""grade"": ""confirmed_recovery""}]",1,0,0,1.184326171875,1,0,0,0.0,0,False,23.699951171875,23.699951171875,"[1.4059109845948938, 1.1247893459028184, 0.8430384034397164]","[0.8123341095296011, 0.6499602686745188, 0.48769653432917465]",0.42220089434490693,e2e-final-0,300000,controllable,recover_a,True,threshold_search,,,90d636ed6d92481d8b49821842559c47,0,10.740080266259605,19.66428507119416,0.18499755859375
COMPLETED,True,False,1,1,0,"[{""start_s"": 4.167236328125, ""end_s"": 11.4827880859375, ""detection_s"": null, ""detection_latency_s"": null, ""confirmed_recovery_s"": null, ""stabilization_time_s"": null}]","[{""time_s"": 10.2, ""grade"": ""confirmed_recovery""}]",1,0,0,3.789306640625,2,1,1,41.666666666666664,0,False,24.0,24.0,"[0.7538005046840661, 0.6051340282649406, 0.4572233293807499]","[0.6239875883345372, 0.5034725712875203, 0.3802362847502373]",0.1722112356556943,e2e-final-1,300001,controllable,retry_b,True,threshold_search,,,5f810b80f4e34406b91d07d439e3dc96,0,7.949571678182091,39.1867673210798,0.19999999999999996
HOLD,False,False,1,0,1,"[{""start_s"": 3.3585205078125, ""end_s"": null, ""detection_s"": 3.8, ""detection_latency_s"": 0.4414794921874998, ""confirmed_recovery_s"": null, ""stabilization_time_s"": null}]",[],0,0,0,7.710205078125,3,0,0,0.0,1,False,13.39990234375,,"[1.3048598643624052, 1.0459308766258497, 0.7868525773515159]",,,e2e-final-2,300002,controllable,recover_c,True,threshold_search,ATTEMPTS_EXHAUSTED,,17a90856801b483caaa0e76da8c6d842,0,13.034752127714443,47.299742376198964,
COMPLETED,True,False,1,1,0,"[{""start_s"": 4.6678466796875, ""end_s"": 14.9666748046875, ""detection_s"": null, ""detection_latency_s"": null, ""confirmed_recovery_s"": null, ""stabilization_time_s"": null}]","[{""time_s"": 13.7, ""grade"": ""confirmed_recovery""}, {""time_s"": 30.0, ""grade"": ""confirmed_recovery""}]",2,0,0,6.7366943359375,5,3,2,50.12543596646883,0,False,39.89990234375,39.89990234375,"[0.9273608388144097, 0.7432272276377563, 0.5586474093402893]","[0.6726617928312295, 0.5388421666668779, 0.40535214215778503]",0.2746493439477149,e2e-final-3,300003,controllable,repeat_after_c,True,threshold_search,,,44c876f1a9f049e5a531944a3d2fccbe,0,12.60758247226475,53.00744347972795,0.32999674479166674
COMPLETED,True,True,1,0,1,"[{""start_s"": 3.5374755859375, ""end_s"": 7.9486083984375, ""detection_s"": 3.8, ""detection_latency_s"": 0.2625244140624998, ""confirmed_recovery_s"": 9.7, ""stabilization_time_s"": 6.162524414062499}]","[{""time_s"": 6.7, ""grade"": ""confirmed_recovery""}]",1,0,0,0.8909912109375,1,0,0,0.0,0,False,24.0999755859375,24.0999755859375,"[0.8551544894199646, 0.686925888891867, 0.5192459227929962]","[0.4816741956104826, 0.38947887918614943, 0.2982899498678695]",0.4367401427814602,e2e-final-4,300004,controllable,recover_a,True,threshold_search,,,7fb5de043ddc4b78ba9ac26745c163df,0,5.440410925075412,12.40638794843107,0.20499877929687504
COMPLETED,True,False,1,0,1,"[{""start_s"": 3.09423828125, ""end_s"": null, ""detection_s"": 3.5, ""detection_latency_s"": 0.40576171875, ""confirmed_recovery_s"": null, ""stabilization_time_s"": null}]","[{""time_s"": 9.6, ""grade"": ""false_recovery""}, {""time_s"": 17.3, ""grade"": ""false_recovery""}]",0,2,0,12.328369140625,6,2,0,0.0,0,False,24.0999755859375,24.0999755859375,"[1.2826601813198093, 1.028467068925007, 0.7719283244986568]",,,e2e-final-5,300005,controllable,retry_b,True,threshold_search,,,baceeaae110446c29c1918eb91639d34,4,12.895260006189346,52.298737573437386,0.20499877929687504
COMPLETED,True,False,1,1,0,"[{""start_s"": 4.408203125, ""end_s"": 14.899658203125, ""detection_s"": null, ""detection_latency_s"": null, ""confirmed_recovery_s"": null, ""stabilization_time_s"": null}]","[{""time_s"": 13.7, ""grade"": ""confirmed_recovery""}]",1,0,0,6.9759521484375,3,1,1,35.08771929824562,0,False,28.5,28.5,"[1.1086291194213649, 0.8868648524594069, 0.6653532317375951]","[0.7825975262974079, 0.6262653681700339, 0.4705565715231523]",0.29408535948805414,e2e-final-6,300006,controllable,recover_c,True,threshold_search,,,262b319bcb174b1dbe688378e2f7d4a7,0,11.386212799698118,45.35187376197428,0.42500000000000004
COMPLETED,True,False,3,2,1,"[{""start_s"": 5.009033203125, ""end_s"": 15.2886962890625, ""detection_s"": null, ""detection_latency_s"": null, ""confirmed_recovery_s"": null, ""stabilization_time_s"": null}, {""start_s"": 16.460205078125, ""end_s"": 23.5626220703125, ""detection_s"": null, ""detection_latency_s"": null, ""confirmed_recovery_s"": null, ""stabilization_time_s"": null}, {""start_s"": 27.5106201171875, ""end_s"": 32.0220947265625, ""detection_s"": 28.0, ""detection_latency_s"": 0.4893798828125, ""confirmed_recovery_s"": 33.9, ""stabilization_time_s"": 6.389379882812499}]","[{""time_s"": 13.8, ""grade"": ""false_recovery""}, {""time_s"": 22.0, ""grade"": ""confirmed_recovery""}, {""time_s"": 30.9, ""grade"": ""confirmed_recovery""}]",2,1,0,10.9339599609375,6,2,2,49.751304210519926,0,False,40.199951171875,40.199951171875,"[1.002373661999748, 0.8043118969490388, 0.6039808621159577]","[0.7131208262794888, 0.5732192529091368, 0.43297789480095544]",0.2885678731254733,e2e-final-7,300007,controllable,repeat_after_c,True,threshold_search,,,f1c54b1264de4f30a3496ab0b397dfc4,3,15.662057133158662,71.72623937600292,0.3399983723958333
COMPLETED,True,False,2,1,1,"[{""start_s"": 3.5728759765625, ""end_s"": 11.0948486328125, ""detection_s"": 3.9, ""detection_latency_s"": 0.3271240234374999, ""confirmed_recovery_s"": 13.0, ""stabilization_time_s"": 9.4271240234375}, {""start_s"": 14.683349609375, ""end_s"": 21.894775390625, ""detection_s"": null, ""detection_latency_s"": null, ""confirmed_recovery_s"": null, ""stabilization_time_s"": null}]","[{""time_s"": 10.0, ""grade"": ""confirmed_recovery""}, {""time_s"": 20.8, ""grade"": ""confirmed_recovery""}]",2,0,0,2.4241943359375,4,3,1,41.666666666666664,0,False,24.0,24.0,"[1.206913235660786, 0.969161112486642, 0.727080378015747]","[0.8055270692908096, 0.6457603793116452, 0.488699327603025]",0.3325725118510421,e2e-final-8,300008,controllable,recover_a,True,threshold_search,,,a29506a844714208a37c3b3a7dd42d6c,2,11.492777621606363,46.988382851704905,0.19999999999999996
COMPLETED,True,False,2,1,1,"[{""start_s"": 4.2376708984375, ""end_s"": 11.94873046875, ""detection_s"": 4.6, ""detection_latency_s"": 0.36232910156249964, ""confirmed_recovery_s"": 13.7, ""stabilization_time_s"": 9.4623291015625}, {""start_s"": 14.7069091796875, ""end_s"": 22.048583984375, ""detection_s"": null, ""detection_latency_s"": null, ""confirmed_recovery_s"": null, ""stabilization_time_s"": null}]","[{""time_s"": 10.7, ""grade"": ""confirmed_recovery""}, {""time_s"": 20.8, ""grade"": ""confirmed_recovery""}]",2,0,0,8.0250244140625,4,1,1,41.84117514863015,0,False,23.89990234375,23.89990234375,"[0.9921030369667184, 0.793635950621345, 0.5971528502415371]","[0.7419247240365463, 0.5945031544633069, 0.44601201706038895]",0.2521696876315124,e2e-final-9,300009,controllable,retry_b,True,threshold_search,,,aa7c484a9e5d4eb29ef8ee6f4a642dee,2,11.383050691802055,44.604474338702865,0.19499511718749996
COMPLETED,True,False,2,1,1,"[{""start_s"": 3.0850830078125, ""end_s"": 14.2413330078125, ""detection_s"": 3.4, ""detection_latency_s"": 0.3149169921874999, ""confirmed_recovery_s"": 16.0, ""stabilization_time_s"": 12.9149169921875}, {""start_s"": 16.1959228515625, ""end_s"": 23.0037841796875, ""detection_s"": null, ""detection_latency_s"": null, ""confirmed_recovery_s"": null, ""stabilization_time_s"": null}]","[{""time_s"": 13.0, ""grade"": ""confirmed_recovery""}, {""time_s"": 21.7, ""grade"": ""confirmed_recovery""}]",2,0,0,10.91259765625,5,1,1,35.714285714285715,0,False,28.0,28.0,"[0.8785120112300346, 0.7029521849203513, 0.5277450411910074]","[1.670651602077206, 1.3372618820153175, 1.0023726777688484]",-0.9016832789093796,e2e-final-10,300010,controllable,recover_c,True,threshold_search,,,d3c5d371ff3f44099e2c5e8e4d318bb4,2,18.86208300711588,62.98740531317886,0.3999999999999999
COMPLETED,True,True,2,0,2,"[{""start_s"": 3.1947021484375, ""end_s"": 14.5513916015625, ""detection_s"": 3.6, ""detection_latency_s"": 0.4052978515625001, ""confirmed_recovery_s"": 16.2, ""stabilization_time_s"": 13.0052978515625}, {""start_s"": 28.8773193359375, ""end_s"": 33.486328125, ""detection_s"": 29.3, ""detection_latency_s"": 0.4226806640625007, ""confirmed_recovery_s"": 35.2, ""stabilization_time_s"": 6.322680664062503}]","[{""time_s"": 13.2, ""grade"": ""confirmed_recovery""}, {""time_s"": 32.2, ""grade"": ""confirmed_recovery""}]",2,0,0,8.72265625,4,0,0,0.0,0,False,41.5,41.5,"[1.230407786636661, 0.9844008496508085, 0.7423730286505763]","[0.7381785666363212, 0.592137093601978, 0.4481768369494333]",0.40005372637136516,e2e-final-11,300011,controllable,repeat_after_c,True,threshold_search,,,6579b92890db47038a3ecc221992d9d7,1,9.673280967399466,32.988770955707906,0.3833333333333333
COMPLETED,True,False,2,2,0,"[{""start_s"": 7.0391845703125, ""end_s"": 11.639404296875, ""detection_s"": null, ""detection_latency_s"": null, ""confirmed_recovery_s"": null, ""stabilization_time_s"": null}, {""start_s"": 14.6390380859375, ""end_s"": 22.4395751953125, ""detection_s"": null, ""detection_latency_s"": null, ""confirmed_recovery_s"": null, ""stabilization_time_s"": null}]","[{""time_s"": 10.0, ""grade"": ""confirmed_recovery""}, {""time_s"": 20.8, ""grade"": ""confirmed_recovery""}]",2,0,0,1.9569091796875,4,4,2,83.33333333333333,0,False,24.0,24.0,"[0.8860147784558788, 0.7085424340770105, 0.5323598456884778]","[0.7531379252195809, 0.602770647781157, 0.45228579693994875]",0.14997137346610845,e2e-final-12,300012,controllable,recover_a,True,threshold_search,,,dd3e93f2721d481297de1fea88e24e6a,2,13.369382999371709,57.56612934754227,0.19999999999999996
COMPLETED,True,True,1,0,1,"[{""start_s"": 3.1646728515625, ""end_s"": 10.814453125, ""detection_s"": 3.5, ""detection_latency_s"": 0.3353271484375, ""confirmed_recovery_s"": 12.6, ""stabilization_time_s"": 9.4353271484375}]","[{""time_s"": 9.6, ""grade"": ""confirmed_recovery""}]",1,0,0,4.13623046875,2,0,0,0.0,0,False,24.0999755859375,24.0999755859375,"[0.9336335507037244, 0.7482449284948688, 0.5629195987139946]","[0.39823843173712425, 0.32147137012074106, 0.24335552710368571]",0.5734531696756691,e2e-final-13,300013,controllable,retry_b,True,threshold_search,,,19bd0d5d43174fd9ab96b77ec28ab677,0,8.77482001669705,29.10220199264576,0.20499877929687504
COMPLETED,True,True,1,0,1,"[{""start_s"": 3.3504638671875, ""end_s"": 14.482177734375, ""detection_s"": 3.7, ""detection_latency_s"": 0.3495361328125002, ""confirmed_recovery_s"": 16.3, ""stabilization_time_s"": 12.9495361328125}]","[{""time_s"": 13.3, ""grade"": ""confirmed_recovery""}]",1,0,0,7.61083984375,3,0,0,0.0,0,False,28.7999267578125,28.7999267578125,"[1.1821496564740623, 0.9481849790699184, 0.7124417873671456]","[0.6490582904555003, 0.5238193820345213, 0.3966892103750378]",0.4509508276715035,e2e-final-14,300014,controllable,recover_c,True,threshold_search,,,95b5253d781f49a3b9e1e44cb4abce0e,0,10.232653451384975,44.30596046033315,0.4399963378906251
COMPLETED,True,True,2,0,2,"[{""start_s"": 4.390380859375, ""end_s"": 15.64697265625, ""detection_s"": 4.7, ""detection_latency_s"": 0.3096191406250002, ""confirmed_recovery_s"": 17.3, ""stabilization_time_s"": 12.909619140625}, {""start_s"": 28.1439208984375, ""end_s"": 32.6192626953125, ""detection_s"": 28.5, ""detection_latency_s"": 0.3560791015625, ""confirmed_recovery_s"": 34.4, ""stabilization_time_s"": 6.256079101562499}]","[{""time_s"": 14.3, ""grade"": ""confirmed_recovery""}, {""time_s"": 31.4, ""grade"": ""confirmed_recovery""}]",2,0,0,8.549072265625,4,0,0,0.0,0,False,40.7999267578125,40.7999267578125,"[0.8680671482523212, 0.6960504587288089, 0.5258791577234893]","[0.3959470308046306, 0.31918551220343205, 0.2511990282469532]",0.543875111963642,e2e-final-15,300015,controllable,repeat_after_c,False,threshold_search,,,162d68c9692547edb34b9b9894210d2f,1,9.466564422473311,42.56284585571856,0.35999755859375004
COMPLETED,True,True,1,0,1,"[{""start_s"": 3.7548828125, ""end_s"": 8.4290771484375, ""detection_s"": 4.2, ""detection_latency_s"": 0.4451171875000002, ""confirmed_recovery_s"": 10.1, ""stabilization_time_s"": 6.3451171875}]","[{""time_s"": 7.1, ""grade"": ""confirmed_recovery""}]",1,0,0,1.1409912109375,1,0,0,0.0,0,False,24.0,24.0,"[1.309658598291933, 1.0473096965734323, 0.7901621670976043]","[0.7235540886299018, 0.5812241406842322, 0.43842892077866835]",0.4475246529335457,e2e-final-16,300016,controllable,recover_a,False,threshold_search,,,28eac48a3af7481aa234ae19bfba62a8,0,5.845108500216154,11.755802717525498,0.19999999999999996
COMPLETED,True,True,1,0,1,"[{""start_s"": 4.0826416015625, ""end_s"": 12.070068359375, ""detection_s"": 4.5, ""detection_latency_s"": 0.4173583984375, ""confirmed_recovery_s"": 13.6, ""stabilization_time_s"": 9.5173583984375}]","[{""time_s"": 10.6, ""grade"": ""confirmed_recovery""}]",1,0,0,4.3487548828125,2,0,0,0.0,0,False,23.89990234375,23.89990234375,"[1.3606005677388615, 1.0890497632374536, 0.8170139596732477]","[0.8952999940248598, 0.716608953713567, 0.5396145339615501]",0.34198175772281925,e2e-final-17,300017,controllable,retry_b,False,threshold_search,,,df6845ce11dc4dedbde85dcc7633dc00,0,9.381888050120322,23.258608221076507,0.19499511718749996
COMPLETED,True,True,1,0,1,"[{""start_s"": 3.1407470703125, ""end_s"": 14.4072265625, ""detection_s"": 3.5, ""detection_latency_s"": 0.3592529296875, ""confirmed_recovery_s"": 16.1, ""stabilization_time_s"": 12.959252929687501}]","[{""time_s"": 13.1, ""grade"": ""confirmed_recovery""}]",1,0,0,7.69091796875,3,0,0,0.0,0,False,28.89990234375,28.89990234375,"[1.1690311654925747, 0.9353269216709075, 0.7026818831685296]","[0.7583724026051784, 0.6064656550574155, 0.45747681165594767]",0.3512812788993218,e2e-final-18,300018,controllable,recover_c,False,threshold_search,,,95ff3a1a616545368b20c7bd99d0704b,0,10.303668072447175,32.611582810059254,0.44499511718749996
COMPLETED,True,True,2,0,2,"[{""start_s"": 3.597900390625, ""end_s"": 14.7117919921875, ""detection_s"": 3.9, ""detection_latency_s"": 0.3020996093749999, ""confirmed_recovery_s"": 16.5, ""stabilization_time_s"": 12.902099609375}, {""start_s"": 28.67724609375, ""end_s"": 33.1094970703125, ""detection_s"": 29.0, ""detection_latency_s"": 0.32275390625, ""confirmed_recovery_s"": 34.9, ""stabilization_time_s"": 6.222753906249999}]","[{""time_s"": 13.5, ""grade"": ""confirmed_recovery""}, {""time_s"": 31.9, ""grade"": ""confirmed_recovery""}]",2,0,0,8.456787109375,4,0,0,0.0,0,False,41.2999267578125,41.2999267578125,"[0.8772304684723857, 0.7012396198607284, 0.5259854148541376]","[0.4435377353928694, 0.3549325864315962, 0.2670981256369098]",0.49438858847977707,e2e-final-19,300019,controllable,repeat_after_c,False,threshold_search,,,90a49a57fe864273910a79f84d7218dd,1,12.925583915784951,46.98267484549433,0.37666422526041665
COMPLETED,True,True,1,0,1,"[{""start_s"": 4.1827392578125, ""end_s"": 8.8656005859375, ""detection_s"": 4.5, ""detection_latency_s"": 0.3172607421875, ""confirmed_recovery_s"": 10.4, ""stabilization_time_s"": 6.2172607421875}]","[{""time_s"": 7.4, ""grade"": ""confirmed_recovery""}]",1,0,0,1.0286865234375,1,0,0,0.0,0,False,23.89990234375,23.89990234375,"[0.9624940221249064, 0.7697142830369833, 0.5789843593831507]","[0.5517800227386207, 0.44221481855843753, 0.3332789074689878]",0.4267184937726146,e2e-final-20,300020,controllable,recover_a,False,threshold_search,,,98fe4b5fa9024f93a4f91e2cd6469da9,0,7.344543351791799,20.97923841327429,0.19499511718749996
COMPLETED,True,True,1,0,1,"[{""start_s"": 3.3721923828125, ""end_s"": 11.1981201171875, ""detection_s"": 3.8, ""detection_latency_s"": 0.4278076171874998, ""confirmed_recovery_s"": 12.9, ""stabilization_time_s"": 9.5278076171875}]","[{""time_s"": 9.9, ""grade"": ""confirmed_recovery""}]",1,0,0,4.298095703125,2,0,0,0.0,0,False,24.0999755859375,24.0999755859375,"[1.3420160190424442, 1.0735026292091607, 0.8059312546525682]","[0.8346782603073075, 0.6675581518369439, 0.5010324204411819]",0.37804150735632236,e2e-final-21,300021,controllable,retry_b,False,threshold_search,,,09f1b44d962b4f3786a72bb306cc7ebd,0,7.289167959243059,23.626839648932123,0.20499877929687504
COMPLETED,True,True,1,0,1,"[{""start_s"": 3.1246337890625, ""end_s"": 14.7183837890625, ""detection_s"": 3.6, ""detection_latency_s"": 0.4753662109375001, ""confirmed_recovery_s"": 16.2, ""stabilization_time_s"": 13.0753662109375}]","[{""time_s"": 13.2, ""grade"": ""confirmed_recovery""}]",1,0,0,7.8516845703125,3,0,0,0.0,0,False,28.7999267578125,28.7999267578125,"[1.4273237406893944, 1.143394808797472, 0.8572390893148613]","[0.8379875152375663, 0.6720479842034687, 0.504313442973149]",0.412895973528178,e2e-final-22,300022,controllable,recover_c,False,threshold_search,,,dd6e5e16ff4f4e4088efa5c8f5d49a00,0,14.040215051500125,47.382341051707016,0.4399963378906251
COMPLETED,True,True,2,0,2,"[{""start_s"": 3.276611328125, ""end_s"": 14.4979248046875, ""detection_s"": 3.7, ""detection_latency_s"": 0.4233886718750002, ""confirmed_recovery_s"": 16.3, ""stabilization_time_s"": 13.023388671875}, {""start_s"": 28.8106689453125, ""end_s"": 33.318359375, ""detection_s"": 29.3, ""detection_latency_s"": 0.4893310546875007, ""confirmed_recovery_s"": 35.2, ""stabilization_time_s"": 6.389331054687503}]","[{""time_s"": 13.3, ""grade"": ""confirmed_recovery""}, {""time_s"": 32.2, ""grade"": ""confirmed_recovery""}]",2,0,0,8.69921875,4,0,0,0.0,0,False,41.5,41.5,"[1.3688281939404525, 1.0955305527479644, 0.8228460482554181]","[0.8891848533900886, 0.7116333209082006, 0.5342513807286956]",0.35040434049624025,e2e-final-23,300023,controllable,repeat_after_c,False,threshold_search,,,bef74e6722fc4d76a3c97c7e270abb2c,1,10.602038830984378,38.593156796414526,0.3833333333333333
COMPLETED,True,True,1,0,1,"[{""start_s"": 3.8909912109375, ""end_s"": 8.8765869140625, ""detection_s"": 4.3, ""detection_latency_s"": 0.4090087890624998, ""confirmed_recovery_s"": 10.2, ""stabilization_time_s"": 6.309008789062499}]","[{""time_s"": 7.2, ""grade"": ""confirmed_recovery""}]",1,0,0,1.171142578125,1,0,0,0.0,0,False,23.89990234375,23.89990234375,"[1.2856167593117853, 1.0316737641279552, 0.7729042650658918]","[0.8069493657378907, 0.6470028599969047, 0.48884842042791427]",0.3723251039681018,e2e-final-24,300024,controllable,recover_a,False,threshold_search,,,7f5a929a4e034f4583b3851554472754,0,22.360705013852556,52.613764628767974,0.19499511718749996
COMPLETED,True,True,1,0,1,"[{""start_s"": 3.616455078125, ""end_s"": 11.475830078125, ""detection_s"": 3.9, ""detection_latency_s"": 0.2835449218749999, ""confirmed_recovery_s"": 13.0, ""stabilization_time_s"": 9.383544921875}]","[{""time_s"": 10.0, ""grade"": ""confirmed_recovery""}]",1,0,0,4.21533203125,2,0,0,0.0,0,False,24.0,24.0,"[0.8243745371385646, 0.6598071380736072, 0.49509861524310034]","[0.42247196929813063, 0.3380705027868779, 0.25499524700457676]",0.48752423775175424,e2e-final-25,300025,controllable,retry_b,False,threshold_search,,,bc76befb7fcc41538fbca00d41ff8660,0,11.325517954537633,39.87199841300018,0.19999999999999996
COMPLETED,True,True,1,0,1,"[{""start_s"": 4.421142578125, ""end_s"": 15.4483642578125, ""detection_s"": 4.7, ""detection_latency_s"": 0.2788574218750002, ""confirmed_recovery_s"": 17.3, ""stabilization_time_s"": 12.878857421875}]","[{""time_s"": 14.3, ""grade"": ""confirmed_recovery""}]",1,0,0,7.5125732421875,3,0,0,0.0,0,False,28.0999755859375,28.0999755859375,"[0.8034633367581715, 0.6438804332144644, 0.4859940605597525]","[0.39338079469201376, 0.3159359746462818, 0.24130303808496686]",0.5103935964530333,e2e-final-26,300026,controllable,recover_c,False,threshold_search,,,e756bd492fa44651baf662377e51b405,0,11.37133699376136,37.09285459481164,0.404998779296875
COMPLETED,True,True,2,0,2,"[{""start_s"": 4.641845703125, ""end_s"": 15.9417724609375, ""detection_s"": 5.0, ""detection_latency_s"": 0.358154296875, ""confirmed_recovery_s"": 17.6, ""stabilization_time_s"": 12.958154296875001}, {""start_s"": 27.9439697265625, ""end_s"": 32.3419189453125, ""detection_s"": 28.3, ""detection_latency_s"": 0.3560302734375007, ""confirmed_recovery_s"": 34.2, ""stabilization_time_s"": 6.256030273437503}]","[{""time_s"": 14.6, ""grade"": ""confirmed_recovery""}, {""time_s"": 31.2, ""grade"": ""confirmed_recovery""}]",2,0,0,8.5699462890625,4,0,0,0.0,0,False,40.5999755859375,40.5999755859375,"[1.0614993237089105, 0.849064283366722, 0.6382724668368059]","[0.5839059129316087, 0.466701996496636, 0.3511524305226559]",0.44992342445266587,e2e-final-27,300027,controllable,repeat_after_c,False,threshold_search,,,394b963570e847e2a3cc7ef204401bcc,1,10.204896476352587,44.74739158176817,0.35333251953125
COMPLETED,True,True,1,0,1,"[{""start_s"": 4.0543212890625, ""end_s"": 8.9976806640625, ""detection_s"": 4.5, ""detection_latency_s"": 0.4456787109375, ""confirmed_recovery_s"": 10.4, ""stabilization_time_s"": 6.3456787109375}]","[{""time_s"": 7.4, ""grade"": ""confirmed_recovery""}]",1,0,0,1.2044677734375,1,0,0,0.0,0,False,23.89990234375,23.89990234375,"[1.4037783693800017, 1.1269584768840046, 0.8451946643998011]","[0.8892284811018658, 0.7119003056635979, 0.5393316082158994]",0.36654638616877533,e2e-final-28,300028,controllable,recover_a,False,threshold_search,,,1ab0f9ae3c6c4bcc9d28ef67dd904941,0,5.359087779652323,11.96943589020521,0.19499511718749996
COMPLETED,True,True,1,0,1,"[{""start_s"": 3.728759765625, ""end_s"": 11.648681640625, ""detection_s"": 4.0, ""detection_latency_s"": 0.271240234375, ""confirmed_recovery_s"": 13.1, ""stabilization_time_s"": 9.371240234375}]","[{""time_s"": 10.1, ""grade"": ""confirmed_recovery""}]",1,0,0,4.1995849609375,2,0,0,0.0,0,False,24.0,24.0,"[0.7769095952391278, 0.6217323297668949, 0.46731752116722997]","[0.3859719444247101, 0.3097202586653917, 0.23452561551671608]",0.5031958070927025,e2e-final-29,300029,controllable,retry_b,False,threshold_search,,,f514e43d6fc940b18dce4ad77883f8ef,0,9.757223795168098,28.99592429399457,0.19999999999999996
COMPLETED,True,False,0,0,0,[],"[{""time_s"": 10.3, ""grade"": ""confirmed_recovery""}, {""time_s"": 17.6, ""grade"": ""confirmed_recovery""}]",2,0,0,0.0,3,3,2,83.33333333333333,0,False,24.0,24.0,"[1.1812720634129157, 0.9453966159752273, 0.7088201357183201]","[1.160431210100397, 0.9284992660372887, 0.6970056588674981]",0.01764272089217578,e2e-final-30,300030,stable,stable,True,threshold_search,,,79cbb54abcd04b18b7e050b111569911,1,11.576308653457087,40.073550859233215,0.19999999999999996
COMPLETED,True,False,0,0,0,[],"[{""time_s"": 10.1, ""grade"": ""confirmed_recovery""}, {""time_s"": 20.8, ""grade"": ""confirmed_recovery""}]",2,0,0,0.0,4,4,2,83.33333333333333,0,False,24.0,24.0,"[1.2225930378130772, 0.9788418913858854, 0.7349930198533574]","[1.0842405981630876, 0.8671407842228259, 0.6531436673365288]",0.11316311754684005,e2e-final-31,300031,stable,stable,True,threshold_search,,,fca7ea0be6114ef89c20e4405321bca9,2,11.707899550674481,48.158068751217776,0.19999999999999996
COMPLETED,True,False,0,0,0,[],"[{""time_s"": 18.8, ""grade"": ""unverified_recovery""}]",0,0,1,0.0,2,2,1,45.87171374975502,0,False,21.7999267578125,21.7999267578125,"[0.6218459992362827, 0.4987946535395797, 0.3790092418903263]",,,e2e-final-32,300032,stable,stable,True,threshold_search,,,2511c4f64bcb438ea9d8375c15314cdd,0,9.990568965440584,37.25981423980512,0.089996337890625
COMPLETED,True,True,0,0,0,[],[],0,0,0,0.0,0,0,0,0.0,0,True,20.0,20.0,,,,e2e-final-33,300033,stable,stable,True,threshold_search,,,a0543d51207841ec8a6c0e1e5bd709c3,0,5.4010053921956525,9.695936744101342,0.0
COMPLETED,True,False,0,0,0,[],"[{""time_s"": 10.0, ""grade"": ""confirmed_recovery""}]",1,0,0,0.0,2,2,1,41.666666666666664,0,False,24.0,24.0,"[0.9811360114263019, 0.7852012275804291, 0.5900391672069053]","[0.7039330310349894, 0.5654718679825712, 0.42493908840617445]",0.2825326735162188,e2e-final-34,300034,stable,stable,True,threshold_search,,,5120c5e877d44a68b81ccdad9ee41058,0,10.807323601329694,32.44231526623436,0.19999999999999996
COMPLETED,True,False,0,0,0,[],"[{""time_s"": 6.8, ""grade"": ""confirmed_recovery""}, {""time_s"": 21.0, ""grade"": ""unverified_recovery""}]",1,0,1,0.0,3,3,2,83.33333333333333,0,False,24.0,24.0,"[1.0750688481372357, 0.8612962349858799, 0.6470394039868392]","[0.7792736504478985, 0.6242641675725755, 0.47085423106483965]",0.27514070210652963,e2e-final-35,300035,stable,stable,True,threshold_search,,,07b9707948104906a87a21c31bd3fd83,2,11.318334680981925,39.88155818427897,0.19999999999999996
COMPLETED,True,False,0,0,0,[],[],0,0,0,0.0,2,2,1,47.39341976615698,0,False,21.0999755859375,21.0999755859375,"[0.9967856509604711, 0.7983445848994215, 0.598956597493413]",,,e2e-final-36,300036,stable,stable,True,threshold_search,,,467baa7a0e574d8f8883e55c20815838,0,9.037750016432256,12.84437630092726,0.05499877929687491
COMPLETED,True,False,0,0,0,[],"[{""time_s"": 12.6, ""grade"": ""confirmed_recovery""}, {""time_s"": 19.8, ""grade"": ""unverified_recovery""}]",1,0,1,0.0,2,2,2,88.49567082030258,0,False,22.5999755859375,22.5999755859375,"[0.9617221318637758, 0.7690719033414833, 0.5774207048077588]","[0.9750011914070885, 0.7811251244582015, 0.5871103830310166]",-0.013807584439778475,e2e-final-37,300037,stable,stable,True,threshold_search,,,4ee7d7722d144e36b6f8723c4e0e302e,1,13.269005197798833,43.72805074672215,0.1299987792968751
COMPLETED,True,False,0,0,0,[],"[{""time_s"": 19.0, ""grade"": ""unverified_recovery""}]",0,0,1,0.0,2,2,1,45.87171374975502,0,False,21.7999267578125,21.7999267578125,"[0.9306428685938464, 0.7447895399381109, 0.5588307699832732]",,,e2e-final-38,300038,stable,stable,True,threshold_search,,,058ec576a371418cb0daed19b3a32ca0,0,9.345394035335625,31.33309220895134,0.089996337890625
COMPLETED,True,False,0,0,0,[],"[{""time_s"": 12.4, ""grade"": ""confirmed_recovery""}, {""time_s"": 19.8, ""grade"": ""unverified_recovery""}]",1,0,1,0.0,2,2,2,88.49567082030258,0,False,22.5999755859375,22.5999755859375,"[0.5777402992972117, 0.4658444297324641, 0.3542897082316676]","[0.5515505288285253, 0.4424398339673393, 0.3357151133867724]",0.045331389381258025,e2e-final-39,300039,stable,stable,True,threshold_search,,,60879cbf162547fa82db10f674ccf1ef,1,9.609372704289854,31.562466028844938,0.1299987792968751
COMPLETED,True,False,0,0,0,[],"[{""time_s"": 7.4, ""grade"": ""confirmed_recovery""}]",1,0,0,0.0,1,1,1,41.84117514863015,0,False,23.89990234375,23.89990234375,"[0.6506396140541905, 0.5219807298528522, 0.39465688509439684]","[0.46772048479220624, 0.37596513129300496, 0.28589423303388756]",0.28113739973838925,e2e-final-40,300040,stable,stable,True,threshold_search,,,8c9a1c506e12426f8f8c38901c0356d7,0,8.9768263278529,14.371904102154085,0.19499511718749996
COMPLETED,True,True,0,0,0,[],[],0,0,0,0.0,0,0,0,0.0,0,True,20.0,20.0,,,,e2e-final-41,300041,stable,stable,True,threshold_search,,,e31fafff6ab74ad999bdb53c3a740c26,0,7.521703548263745,24.60843719192775,0.0
COMPLETED,True,False,0,0,0,[],"[{""time_s"": 10.0, ""grade"": ""confirmed_recovery""}, {""time_s"": 14.4, ""grade"": ""confirmed_recovery""}, {""time_s"": 21.7, ""grade"": ""unverified_recovery""}]",2,0,1,0.0,4,4,3,125.0,0,False,24.0,24.0,"[0.9508259923652698, 0.7615199451677602, 0.5707834774065107]","[0.6790788163942582, 0.5439313826598946, 0.40790778576514847]",0.2858011646221563,e2e-final-42,300042,stable,stable,True,threshold_search,,,d6c53ca997594b32bc1fd54cd3716f68,2,14.788334065815423,61.986713689984555,0.19999999999999996
COMPLETED,True,True,0,0,0,[],[],0,0,0,0.0,0,0,0,0.0,0,True,20.0,20.0,,,,e2e-final-43,300043,stable,stable,True,threshold_search,,,c107d7dbb94b474a90042fd85bdbc052,0,5.752885865513235,11.307492295745716,0.0
COMPLETED,True,False,0,0,0,[],"[{""time_s"": 7.3, ""grade"": ""confirmed_recovery""}]",1,0,0,0.0,1,1,1,41.84117514863015,0,False,23.89990234375,23.89990234375,"[0.5123604293341242, 0.41170633935306583, 0.31362525346117215]","[0.4795835990194052, 0.3868789149046452, 0.29568974889012195]",0.06397221260298436,e2e-final-44,300044,stable,stable,True,threshold_search,,,7fc02c184f454050b25f5428714c4eb1,0,5.92263403814286,13.544104462489505,0.19499511718749996
COMPLETED,True,True,0,0,0,[],[],0,0,0,0.0,0,0,0,0.0,0,True,20.0,20.0,,,,e2e-final-45,300045,stable,stable,False,threshold_search,,,43275acd97904b4e9d69140274194271,0,5.998684477526691,10.461485325358808,0.0
COMPLETED,True,True,0,0,0,[],[],0,0,0,0.0,0,0,0,0.0,0,True,20.0,20.0,,,,e2e-final-46,300046,stable,stable,False,threshold_search,,,a2126472cbba46dbbd0f602413fe923a,0,7.209649938158691,10.76632055221125,0.0
COMPLETED,True,True,0,0,0,[],[],0,0,0,0.0,0,0,0,0.0,0,True,20.0,20.0,,,,e2e-final-47,300047,stable,stable,False,threshold_search,,,9cb495b4722b4db4b08272810e638324,0,6.2705790565814805,9.204708725446825,0.0
COMPLETED,True,True,0,0,0,[],[],0,0,0,0.0,0,0,0,0.0,0,True,20.0,20.0,,,,e2e-final-48,300048,stable,stable,False,threshold_search,,,7cd382866756439ebb85b7b52324c8e9,0,8.350900199729947,12.516017400193938,0.0
COMPLETED,True,True,0,0,0,[],[],0,0,0,0.0,0,0,0,0.0,0,True,20.0,20.0,,,,e2e-final-49,300049,stable,stable,False,threshold_search,,,9d03ade1aa4c4bf3b32044db034aaea1,0,7.660047820536418,9.649722159374488,0.0
COMPLETED,True,True,0,0,0,[],[],0,0,0,0.0,0,0,0,0.0,0,True,20.0,20.0,,,,e2e-final-50,300050,stable,stable,False,threshold_search,,,1fe46e5e438b4f9386a14a8a7c1d50de,0,5.952295457245778,10.540822903858494,0.0
COMPLETED,True,True,0,0,0,[],[],0,0,0,0.0,0,0,0,0.0,0,True,20.0,20.0,,,,e2e-final-51,300051,stable,stable,False,threshold_search,,,a75a31378550453d9eeccf351070a87f,0,14.142502658069134,16.14070016075855,0.0
COMPLETED,True,True,0,0,0,[],[],0,0,0,0.0,0,0,0,0.0,0,True,20.0,20.0,,,,e2e-final-52,300052,stable,stable,False,threshold_search,,,20a98f5cbfec41b687ad909b8f519be9,0,6.405569263733921,9.389891017926844,0.0
COMPLETED,True,True,0,0,0,[],[],0,0,0,0.0,0,0,0,0.0,0,True,20.0,20.0,,,,e2e-final-53,300053,stable,stable,False,threshold_search,,,7a3f487429a84562a715739468a84b43,0,6.169574614614245,9.514923758106296,0.0
COMPLETED,True,True,0,0,0,[],[],0,0,0,0.0,0,0,0,0.0,0,True,20.0,20.0,,,,e2e-final-54,300054,stable,stable,False,threshold_search,,,1c7d4ed0a335443ebaa943c8250cc8bf,0,6.743189127882943,11.13851868198252,0.0
COMPLETED,True,True,0,0,0,[],[],0,0,0,0.0,0,0,0,0.0,0,True,20.0,20.0,,,,e2e-final-55,300055,stable,stable,False,threshold_search,,,ad81e58443ed42dfbae2840bc3978c53,0,6.587865896290168,8.92514076665974,0.0
COMPLETED,True,True,0,0,0,[],[],0,0,0,0.0,0,0,0,0.0,0,True,20.0,20.0,,,,e2e-final-56,300056,stable,stable,False,threshold_search,,,90153b071a404fc98e1c97b2d094eede,0,6.621797836851316,9.926483059534746,0.0
COMPLETED,True,True,0,0,0,[],[],0,0,0,0.0,0,0,0,0.0,0,True,20.0,20.0,,,,e2e-final-57,300057,stable,stable,False,threshold_search,,,c21d54fff16b49438666eabbbe83d123,0,6.364711408969014,14.54616564093155,0.0
COMPLETED,True,True,0,0,0,[],[],0,0,0,0.0,0,0,0,0.0,0,True,20.0,20.0,,,,e2e-final-58,300058,stable,stable,False,threshold_search,,,ae0c8054d84c40c989b3d42bc991f9c9,0,5.695696338079868,8.870088073890644,0.0
COMPLETED,True,True,0,0,0,[],[],0,0,0,0.0,0,0,0,0.0,0,True,20.0,20.0,,,,e2e-final-59,300059,stable,stable,False,threshold_search,,,5b6a8977f1994d39bfedc98d3afd1a93,0,5.639084865106267,8.243772366549798,0.0
COMPLETED,True,True,1,0,1,"[{""start_s"": 4.9229736328125, ""end_s"": 9.5272216796875, ""detection_s"": 5.3, ""detection_latency_s"": 0.3770263671874998, ""confirmed_recovery_s"": 11.2, ""stabilization_time_s"": 6.277026367187499}]","[{""time_s"": 8.2, ""grade"": ""confirmed_recovery""}]",1,0,0,1.0631103515625,1,0,0,0.0,0,False,23.699951171875,23.699951171875,"[1.222725564635186, 0.9784263774273531, 0.7333672564489723]","[0.8120251638600969, 0.650090524399225, 0.4878155919917239]",0.3358892728292846,e2e-final-0,300000,controllable,recover_a,True,ml_agent,,,45d0255912c944e1baec51848f7a5b6f,0,8.228371175937351,29.77029358502444,0.18499755859375
COMPLETED,True,True,1,0,1,"[{""start_s"": 4.160400390625, ""end_s"": 11.8826904296875, ""detection_s"": 4.5, ""detection_latency_s"": 0.339599609375, ""confirmed_recovery_s"": 13.6, ""stabilization_time_s"": 9.439599609375}]","[{""time_s"": 10.6, ""grade"": ""confirmed_recovery""}]",1,0,0,4.1961669921875,2,0,0,0.0,0,False,23.89990234375,23.89990234375,"[1.196299481732546, 0.9574702129602835, 0.720954067445114]","[0.7187229829761642, 0.5740984438205914, 0.43464084339301057]",0.399211490140186,e2e-final-1,300001,controllable,retry_b,True,ml_agent,,,ed5e2f4a321c47ab86f9fe5186949a9a,0,10.056985798291855,27.066980232484706,0.19499511718749996
COMPLETED,True,True,1,0,1,"[{""start_s"": 3.3585205078125, ""end_s"": 14.4920654296875, ""detection_s"": 3.7, ""detection_latency_s"": 0.3414794921875002, ""confirmed_recovery_s"": 16.3, ""stabilization_time_s"": 12.9414794921875}]","[{""time_s"": 13.3, ""grade"": ""confirmed_recovery""}]",1,0,0,7.6102294921875,3,0,0,0.0,0,False,28.7999267578125,28.7999267578125,"[1.121423032942895, 0.8995579563783539, 0.676830650861337]","[1.1176768023313959, 0.89496231015286, 0.6722418684805196]",0.0033406043049321044,e2e-final-2,300002,controllable,recover_c,True,ml_agent,,,561d19479e1c4298bae91482d5081fb8,0,13.069322844967244,50.33765571191906,0.4399963378906251
COMPLETED,True,True,2,0,2,"[{""start_s"": 4.5927734375, ""end_s"": 15.86669921875, ""detection_s"": 5.0, ""detection_latency_s"": 0.4072265625, ""confirmed_recovery_s"": 17.6, ""stabilization_time_s"": 13.007226562500001}, {""start_s"": 27.9439697265625, ""end_s"": 32.5045166015625, ""detection_s"": 28.4, ""detection_latency_s"": 0.4560302734374986, ""confirmed_recovery_s"": 34.3, ""stabilization_time_s"": 6.356030273437497}]","[{""time_s"": 14.6, ""grade"": ""confirmed_recovery""}, {""time_s"": 31.3, ""grade"": ""confirmed_recovery""}]",2,0,0,8.7203369140625,4,0,0,0.0,0,False,40.5999755859375,40.5999755859375,"[1.4815938403162092, 1.1874601951902235, 0.8904223233359093]","[0.6710660387598122, 0.5389507515607473, 0.4058138218117725]",0.5470647754471023,e2e-final-3,300003,controllable,repeat_after_c,True,ml_agent,,,838e91fc700947fe8a2e837caade9798,1,11.880430509336293,40.858323132852036,0.35333251953125
COMPLETED,True,True,1,0,1,"[{""start_s"": 3.5374755859375, ""end_s"": 8.082275390625, ""detection_s"": 3.9, ""detection_latency_s"": 0.3625244140624999, ""confirmed_recovery_s"": 9.8, ""stabilization_time_s"": 6.262524414062501}]","[{""time_s"": 6.8, ""grade"": ""confirmed_recovery""}]",1,0,0,1.024658203125,1,0,0,0.0,0,False,24.0,24.0,"[1.0579812668291337, 0.8474493149547185, 0.6386720092454485]","[0.4822214348545515, 0.3890139433231657, 0.29875951832881437]",0.5442060743666917,e2e-final-4,300004,controllable,recover_a,True,ml_agent,,,c91b54f89d3e49d7a6f7ff1a4237bde1,0,14.118623588001348,36.21986284502776,0.19999999999999996
COMPLETED,True,True,1,0,1,"[{""start_s"": 3.09423828125, ""end_s"": 11.1680908203125, ""detection_s"": 3.5, ""detection_latency_s"": 0.40576171875, ""confirmed_recovery_s"": 12.6, ""stabilization_time_s"": 9.50576171875}]","[{""time_s"": 9.6, ""grade"": ""confirmed_recovery""}]",1,0,0,4.346923828125,2,0,0,0.0,0,False,24.0999755859375,24.0999755859375,"[1.2826601813198093, 1.028467068925007, 0.7719283244986568]","[1.4310804700379869, 1.1463062931491226, 0.8595380263882333]",-0.11571286836507122,e2e-final-5,300005,controllable,retry_b,True,ml_agent,,,29647e6e53b24d40be0b7d397e07fff2,0,8.477595984004438,27.820866950787515,0.20499877929687504
COMPLETED,True,True,1,0,1,"[{""start_s"": 4.3746337890625, ""end_s"": 15.599609375, ""detection_s"": 4.8, ""detection_latency_s"": 0.4253662109374998, ""confirmed_recovery_s"": 17.4, ""stabilization_time_s"": 13.025366210937499}]","[{""time_s"": 14.4, ""grade"": ""confirmed_recovery""}]",1,0,0,7.70947265625,3,0,0,0.0,0,False,28.0,28.0,"[1.6709965228047818, 1.3364238918219036, 1.0024794543370052]","[0.7821212280861101, 0.626388714339995, 0.4705320959710571]",0.5319432342245016,e2e-final-6,300006,controllable,recover_c,True,ml_agent,,,87f9c8a4fa664594b2d389dc684b7007,0,10.619991662679253,37.46092953835581,0.3999999999999999
COMPLETED,True,True,2,0,2,"[{""start_s"": 4.8856201171875, ""end_s"": 16.388671875, ""detection_s"": 5.3, ""detection_latency_s"": 0.4143798828124998, ""confirmed_recovery_s"": 17.9, ""stabilization_time_s"": 13.014379882812499}, {""start_s"": 27.7440185546875, ""end_s"": 32.0958251953125, ""detection_s"": 28.1, ""detection_latency_s"": 0.3559814453125014, ""confirmed_recovery_s"": 34.0, ""stabilization_time_s"": 6.2559814453125}]","[{""time_s"": 14.9, ""grade"": ""confirmed_recovery""}, {""time_s"": 31.0, ""grade"": ""confirmed_recovery""}]",2,0,0,8.6182861328125,4,0,0,0.0,0,False,40.39990234375,40.39990234375,"[1.472223891728815, 1.1790964750847277, 0.8843979620314026]","[1.3430367684801563, 1.0751019723107347, 0.8091783463268606]",0.08774964458493872,e2e-final-7,300007,controllable,repeat_after_c,True,ml_agent,,,05016a9cf987449a95829f0e6c432b5c,1,12.988100002985446,46.300312437815556,0.34666341145833335
COMPLETED,True,True,1,0,1,"[{""start_s"": 3.5728759765625, ""end_s"": 8.2283935546875, ""detection_s"": 4.0, ""detection_latency_s"": 0.4271240234375, ""confirmed_recovery_s"": 9.9, ""stabilization_time_s"": 6.3271240234375}]","[{""time_s"": 6.9, ""grade"": ""confirmed_recovery""}]",1,0,0,1.12060546875,1,0,0,0.0,0,False,24.0,24.0,"[1.4046026153509357, 1.1261182919236123, 0.8443499225614591]","[0.6981468251859348, 0.559898696285556, 0.4237946547473874]",0.5029577636009848,e2e-final-8,300008,controllable,recover_a,True,ml_agent,,,33fa87d9c7bb4bcaaf8e3d5ce85978e2,0,10.335566627327344,19.416911489097306,0.19999999999999996
COMPLETED,True,True,1,0,1,"[{""start_s"": 4.2376708984375, ""end_s"": 11.8486328125, ""detection_s"": 4.5, ""detection_latency_s"": 0.2623291015625, ""confirmed_recovery_s"": 13.6, ""stabilization_time_s"": 9.3623291015625}]","[{""time_s"": 10.6, ""grade"": ""confirmed_recovery""}]",1,0,0,4.0970458984375,2,0,0,0.0,0,False,23.89990234375,23.89990234375,"[0.7849446139935632, 0.6275825306402653, 0.47261718667700403]","[0.7107068018623707, 0.5684828918313778, 0.4270840537120788]",0.0945771342432592,e2e-final-9,300009,controllable,retry_b,True,ml_agent,,,f99410af71d64f69a5989d367b67c0af,0,13.435229402966794,30.409114509821,0.19499511718749996
COMPLETED,True,True,1,0,1,"[{""start_s"": 3.0850830078125, ""end_s"": 14.2413330078125, ""detection_s"": 3.4, ""detection_latency_s"": 0.3149169921874999, ""confirmed_recovery_s"": 16.0, ""stabilization_time_s"": 12.9149169921875}]","[{""time_s"": 13.0, ""grade"": ""confirmed_recovery""}]",1,0,0,7.6304931640625,3,0,0,0.0,0,False,29.0,29.0,"[0.8785120112300346, 0.7029521849203513, 0.5277450411910074]","[0.7112938045200385, 0.5689739379614337, 0.42782569465980985]",0.19034253894362607,e2e-final-10,300010,controllable,recover_c,True,ml_agent,,,c65e5326026a4da8a88ff0c60a889c84,0,13.435461634071544,54.728959180647585,0.44999999999999996
COMPLETED,True,True,2,0,2,"[{""start_s"": 3.1947021484375, ""end_s"": 14.5513916015625, ""detection_s"": 3.6, ""detection_latency_s"": 0.4052978515625001, ""confirmed_recovery_s"": 16.2, ""stabilization_time_s"": 13.0052978515625}, {""start_s"": 28.8773193359375, ""end_s"": 33.486328125, ""detection_s"": 29.3, ""detection_latency_s"": 0.4226806640625007, ""confirmed_recovery_s"": 35.2, ""stabilization_time_s"": 6.322680664062503}]","[{""time_s"": 13.2, ""grade"": ""confirmed_recovery""}, {""time_s"": 32.2, ""grade"": ""confirmed_recovery""}]",2,0,0,8.72265625,4,0,0,0.0,0,False,41.5,41.5,"[1.230407786636661, 0.9844008496508085, 0.7423730286505763]","[0.7381785666363212, 0.592137093601978, 0.4481768369494333]",0.40005372637136516,e2e-final-11,300011,controllable,repeat_after_c,True,ml_agent,,,7292637ebe6745169ef21d58d881523e,1,9.621165168937269,33.881143783219166,0.3833333333333333
COMPLETED,True,True,1,0,1,"[{""start_s"": 4.9969482421875, ""end_s"": 10.1220703125, ""detection_s"": 5.4, ""detection_latency_s"": 0.40305175781250036, ""confirmed_recovery_s"": 11.3, ""stabilization_time_s"": 6.303051757812501}]","[{""time_s"": 8.3, ""grade"": ""confirmed_recovery""}]",1,0,0,1.177001953125,1,0,0,0.0,0,False,23.699951171875,23.699951171875,"[1.565167808217508, 1.2524449937106474, 0.9389808393588526]","[0.6482586498979935, 0.5194370603517904, 0.38986044869551734]",0.585821631077205,e2e-final-12,300012,controllable,recover_a,True,ml_agent,,,b4e5cb58c84b4b5fb110551a8643e830,0,8.132086624391375,13.619033787399523,0.18499755859375
COMPLETED,True,True,1,0,1,"[{""start_s"": 3.1646728515625, ""end_s"": 10.814453125, ""detection_s"": 3.5, ""detection_latency_s"": 0.3353271484375, ""confirmed_recovery_s"": 12.6, ""stabilization_time_s"": 9.4353271484375}]","[{""time_s"": 9.6, ""grade"": ""confirmed_recovery""}]",1,0,0,4.13623046875,2,0,0,0.0,0,False,24.0999755859375,24.0999755859375,"[0.9336335507037244, 0.7482449284948688, 0.5629195987139946]","[0.39823843173712425, 0.32147137012074106, 0.24335552710368571]",0.5734531696756691,e2e-final-13,300013,controllable,retry_b,True,ml_agent,,,39e9d8a4df364503a8827db8a52b31e3,0,8.731540059670806,27.370450180023806,0.20499877929687504
COMPLETED,True,True,1,0,1,"[{""start_s"": 3.3504638671875, ""end_s"": 14.5821533203125, ""detection_s"": 3.8, ""detection_latency_s"": 0.4495361328124998, ""confirmed_recovery_s"": 16.4, ""stabilization_time_s"": 13.049536132812499}]","[{""time_s"": 13.4, ""grade"": ""confirmed_recovery""}]",1,0,0,7.7108154296875,3,0,0,0.0,0,False,28.699951171875,28.699951171875,"[1.3896778364868556, 1.114167489116808, 0.8352556770211964]","[0.648112726292383, 0.5232530608384606, 0.39558337803778815]",0.5336237584886364,e2e-final-14,300014,controllable,recover_c,True,ml_agent,,,4a39ef186d6e42f188bc87391a42db6f,0,17.8331749048084,48.24333533179008,0.43499755859375
COMPLETED,True,True,2,0,2,"[{""start_s"": 4.390380859375, ""end_s"": 15.64697265625, ""detection_s"": 4.7, ""detection_latency_s"": 0.3096191406250002, ""confirmed_recovery_s"": 17.3, ""stabilization_time_s"": 12.909619140625}, {""start_s"": 28.1439208984375, ""end_s"": 32.6192626953125, ""detection_s"": 28.5, ""detection_latency_s"": 0.3560791015625, ""confirmed_recovery_s"": 34.4, ""stabilization_time_s"": 6.256079101562499}]","[{""time_s"": 14.3, ""grade"": ""confirmed_recovery""}, {""time_s"": 31.4, ""grade"": ""confirmed_recovery""}]",2,0,0,8.549072265625,4,0,0,0.0,0,False,40.7999267578125,40.7999267578125,"[0.8680671482523212, 0.6960504587288089, 0.5258791577234893]","[0.3959470308046306, 0.31918551220343205, 0.2511990282469532]",0.543875111963642,e2e-final-15,300015,controllable,repeat_after_c,False,ml_agent,,,92a0977c0c0d48bc99facaae0ddfa8aa,1,11.537879519164546,33.42428029864095,0.35999755859375004
COMPLETED,True,True,1,0,1,"[{""start_s"": 3.7548828125, ""end_s"": 8.3050537109375, ""detection_s"": 4.1, ""detection_latency_s"": 0.34511718749999964, ""confirmed_recovery_s"": 10.0, ""stabilization_time_s"": 6.2451171875}]","[{""time_s"": 7.0, ""grade"": ""confirmed_recovery""}]",1,0,0,1.016845703125,1,0,0,0.0,0,False,24.0,24.0,"[1.12181868300406, 0.8982132377470685, 0.678113667811915]","[0.7234935375107678, 0.5801991567665058, 0.43873383292679435]",0.3550708786794653,e2e-final-16,300016,controllable,recover_a,False,ml_agent,,,5bd039b6df8343dfa69703115a2d9701,0,7.953948655631393,14.205395961180328,0.19999999999999996
COMPLETED,True,True,1,0,1,"[{""start_s"": 4.0826416015625, ""end_s"": 12.070068359375, ""detection_s"": 4.5, ""detection_latency_s"": 0.4173583984375, ""confirmed_recovery_s"": 13.6, ""stabilization_time_s"": 9.5173583984375}]","[{""time_s"": 10.6, ""grade"": ""confirmed_recovery""}]",1,0,0,4.3487548828125,2,0,0,0.0,0,False,23.89990234375,23.89990234375,"[1.3606005677388615, 1.0890497632374536, 0.8170139596732477]","[0.8952999940248598, 0.716608953713567, 0.5396145339615501]",0.34198175772281925,e2e-final-17,300017,controllable,retry_b,False,ml_agent,,,f3f593ad968a46049fda116a40522c42,0,12.846216070465736,29.643157692626193,0.19499511718749996
COMPLETED,True,True,1,0,1,"[{""start_s"": 3.1407470703125, ""end_s"": 14.4072265625, ""detection_s"": 3.5, ""detection_latency_s"": 0.3592529296875, ""confirmed_recovery_s"": 16.1, ""stabilization_time_s"": 12.959252929687501}]","[{""time_s"": 13.1, ""grade"": ""confirmed_recovery""}]",1,0,0,7.69091796875,3,0,0,0.0,0,False,28.89990234375,28.89990234375,"[1.1690311654925747, 0.9353269216709075, 0.7026818831685296]","[0.7583724026051784, 0.6064656550574155, 0.45747681165594767]",0.3512812788993218,e2e-final-18,300018,controllable,recover_c,False,ml_agent,,,034f3c4f87184be3bf494450635ce47b,0,28.8979252334684,66.32841260638091,0.44499511718749996
COMPLETED,True,True,2,0,2,"[{""start_s"": 3.597900390625, ""end_s"": 14.7117919921875, ""detection_s"": 3.9, ""detection_latency_s"": 0.3020996093749999, ""confirmed_recovery_s"": 16.5, ""stabilization_time_s"": 12.902099609375}, {""start_s"": 28.67724609375, ""end_s"": 33.1094970703125, ""detection_s"": 29.0, ""detection_latency_s"": 0.32275390625, ""confirmed_recovery_s"": 34.9, ""stabilization_time_s"": 6.222753906249999}]","[{""time_s"": 13.5, ""grade"": ""confirmed_recovery""}, {""time_s"": 31.9, ""grade"": ""confirmed_recovery""}]",2,0,0,8.456787109375,4,0,0,0.0,0,False,41.2999267578125,41.2999267578125,"[0.8772304684723857, 0.7012396198607284, 0.5259854148541376]","[0.4435377353928694, 0.3549325864315962, 0.2670981256369098]",0.49438858847977707,e2e-final-19,300019,controllable,repeat_after_c,False,ml_agent,,,a84e02c3bb934860bb34b0f19ca508fc,1,16.27550716511905,57.15335721150039,0.37666422526041665
COMPLETED,True,True,1,0,1,"[{""start_s"": 4.1827392578125, ""end_s"": 8.8656005859375, ""detection_s"": 4.5, ""detection_latency_s"": 0.3172607421875, ""confirmed_recovery_s"": 10.4, ""stabilization_time_s"": 6.2172607421875}]","[{""time_s"": 7.4, ""grade"": ""confirmed_recovery""}]",1,0,0,1.0286865234375,1,0,0,0.0,0,False,23.89990234375,23.89990234375,"[0.9624940221249064, 0.7697142830369833, 0.5789843593831507]","[0.5517800227386207, 0.44221481855843753, 0.3332789074689878]",0.4267184937726146,e2e-final-20,300020,controllable,recover_a,False,ml_agent,,,831120eac1bf4e6da5d6515c13cb6807,0,9.174707322381437,29.52942189062024,0.19499511718749996
COMPLETED,True,True,1,0,1,"[{""start_s"": 3.3721923828125, ""end_s"": 14.635986328125, ""detection_s"": 3.8, ""detection_latency_s"": 0.4278076171874998, ""confirmed_recovery_s"": 16.4, ""stabilization_time_s"": 13.027807617187499}]","[{""time_s"": 13.4, ""grade"": ""confirmed_recovery""}]",1,0,0,5.1392822265625,3,1,0,0.0,0,False,28.699951171875,28.699951171875,"[1.3420160190424442, 1.0735026292091607, 0.8059312546525682]","[0.8367887067784628, 0.6699846584089049, 0.5019916290306751]",0.37646891325818255,e2e-final-21,300021,controllable,retry_b,False,ml_agent,,,0fea64b341284a039538c043420149cc,0,13.249545521102844,41.765203848480986,0.43499755859375
COMPLETED,True,True,1,0,1,"[{""start_s"": 3.1246337890625, ""end_s"": 14.618408203125, ""detection_s"": 3.5, ""detection_latency_s"": 0.3753662109375, ""confirmed_recovery_s"": 16.1, ""stabilization_time_s"": 12.975366210937501}]","[{""time_s"": 13.1, ""grade"": ""confirmed_recovery""}]",1,0,0,7.751708984375,3,0,0,0.0,0,False,28.89990234375,28.89990234375,"[1.246830947338263, 0.9985810367491226, 0.748703968817815]","[0.8377966019802394, 0.6711798488825823, 0.5040478966616272]",0.3280591857550784,e2e-final-22,300022,controllable,recover_c,False,ml_agent,,,edd72fb1420f469a918c833dc433099c,0,17.49990584794431,40.073875044472594,0.44499511718749996
COMPLETED,True,True,2,0,2,"[{""start_s"": 3.276611328125, ""end_s"": 14.4979248046875, ""detection_s"": 3.7, ""detection_latency_s"": 0.4233886718750002, ""confirmed_recovery_s"": 16.3, ""stabilization_time_s"": 13.023388671875}, {""start_s"": 28.8106689453125, ""end_s"": 33.19970703125, ""detection_s"": 29.2, ""detection_latency_s"": 0.3893310546874993, ""confirmed_recovery_s"": 35.1, ""stabilization_time_s"": 6.289331054687501}]","[{""time_s"": 13.3, ""grade"": ""confirmed_recovery""}, {""time_s"": 32.1, ""grade"": ""confirmed_recovery""}]",2,0,0,8.58056640625,4,0,0,0.0,0,False,41.39990234375,41.39990234375,"[1.3688281939404525, 1.0955305527479644, 0.8228460482554181]","[0.8891848533900886, 0.7116333209082006, 0.5342513807286956]",0.35040434049624025,e2e-final-23,300023,controllable,repeat_after_c,False,ml_agent,,,1cd078f8dab347c48e85881fb8c1624e,1,11.270891252206617,45.35565349156974,0.37999674479166656
COMPLETED,True,True,1,0,1,"[{""start_s"": 3.8909912109375, ""end_s"": 8.8765869140625, ""detection_s"": 4.3, ""detection_latency_s"": 0.4090087890624998, ""confirmed_recovery_s"": 10.2, ""stabilization_time_s"": 6.309008789062499}]","[{""time_s"": 7.2, ""grade"": ""confirmed_recovery""}]",1,0,0,1.171142578125,1,0,0,0.0,0,False,23.89990234375,23.89990234375,"[1.2856167593117853, 1.0316737641279552, 0.7729042650658918]","[0.8069493657378907, 0.6470028599969047, 0.48884842042791427]",0.3723251039681018,e2e-final-24,300024,controllable,recover_a,False,ml_agent,,,d475478868c44371963eea36c94ff876,0,9.628288203384727,17.903607005719103,0.19499511718749996
COMPLETED,True,True,1,0,1,"[{""start_s"": 3.616455078125, ""end_s"": 11.475830078125, ""detection_s"": 3.9, ""detection_latency_s"": 0.2835449218749999, ""confirmed_recovery_s"": 13.0, ""stabilization_time_s"": 9.383544921875}]","[{""time_s"": 10.0, ""grade"": ""confirmed_recovery""}]",1,0,0,4.21533203125,2,0,0,0.0,0,False,24.0,24.0,"[0.8243745371385646, 0.6598071380736072, 0.49509861524310034]","[0.42247196929813063, 0.3380705027868779, 0.25499524700457676]",0.48752423775175424,e2e-final-25,300025,controllable,retry_b,False,ml_agent,,,6af7e84fa6e84ade9c43276e04fea953,0,15.235561627196137,146.81279359036103,0.19999999999999996
COMPLETED,True,True,1,0,1,"[{""start_s"": 4.421142578125, ""end_s"": 15.4483642578125, ""detection_s"": 4.7, ""detection_latency_s"": 0.2788574218750002, ""confirmed_recovery_s"": 17.3, ""stabilization_time_s"": 12.878857421875}]","[{""time_s"": 14.3, ""grade"": ""confirmed_recovery""}]",1,0,0,7.5125732421875,3,0,0,0.0,0,False,28.0999755859375,28.0999755859375,"[0.8034633367581715, 0.6438804332144644, 0.4859940605597525]","[0.39338079469201376, 0.3159359746462818, 0.24130303808496686]",0.5103935964530333,e2e-final-26,300026,controllable,recover_c,False,ml_agent,,,77cbdfcaf4164353964e4906358c4ddb,0,12.851787032559514,54.73871703725307,0.404998779296875
COMPLETED,True,True,2,0,2,"[{""start_s"": 4.641845703125, ""end_s"": 15.9417724609375, ""detection_s"": 5.0, ""detection_latency_s"": 0.358154296875, ""confirmed_recovery_s"": 17.6, ""stabilization_time_s"": 12.958154296875001}, {""start_s"": 27.9439697265625, ""end_s"": 32.3419189453125, ""detection_s"": 28.3, ""detection_latency_s"": 0.3560302734375007, ""confirmed_recovery_s"": 34.2, ""stabilization_time_s"": 6.256030273437503}]","[{""time_s"": 14.6, ""grade"": ""confirmed_recovery""}, {""time_s"": 31.2, ""grade"": ""confirmed_recovery""}]",2,0,0,8.5699462890625,4,0,0,0.0,0,False,40.5999755859375,40.5999755859375,"[1.0614993237089105, 0.849064283366722, 0.6382724668368059]","[0.5839059129316087, 0.466701996496636, 0.3511524305226559]",0.44992342445266587,e2e-final-27,300027,controllable,repeat_after_c,False,ml_agent,,,24b48b8b088b4621804bcc0e6537d316,1,103.53193644550629,528.5054514126374,0.35333251953125
COMPLETED,True,True,1,0,1,"[{""start_s"": 4.0543212890625, ""end_s"": 8.8751220703125, ""detection_s"": 4.4, ""detection_latency_s"": 0.34567871093750036, ""confirmed_recovery_s"": 10.3, ""stabilization_time_s"": 6.245678710937501}]","[{""time_s"": 7.3, ""grade"": ""confirmed_recovery""}]",1,0,0,1.0819091796875,1,0,0,0.0,0,False,23.89990234375,23.89990234375,"[1.2319737290832085, 0.9894188542960941, 0.7433079487672296]","[0.888611622074363, 0.7136179199913336, 0.5371126383493625]",0.27870895206861557,e2e-final-28,300028,controllable,recover_a,False,ml_agent,,,557a1ea2977644d58a1b9f148c803751,0,11.703514994587747,73.54278285754859,0.19499511718749996
COMPLETED,True,True,1,0,1,"[{""start_s"": 3.728759765625, ""end_s"": 11.648681640625, ""detection_s"": 4.0, ""detection_latency_s"": 0.271240234375, ""confirmed_recovery_s"": 13.1, ""stabilization_time_s"": 9.371240234375}]","[{""time_s"": 10.1, ""grade"": ""confirmed_recovery""}]",1,0,0,4.1995849609375,2,0,0,0.0,0,False,24.0,24.0,"[0.7769095952391278, 0.6217323297668949, 0.46731752116722997]","[0.3859719444247101, 0.3097202586653917, 0.23452561551671608]",0.5031958070927025,e2e-final-29,300029,controllable,retry_b,False,ml_agent,,,59c316d00d9e42939e056f57d734448d,0,47.619062056764854,134.67268463806218,0.19999999999999996
COMPLETED,True,True,0,0,0,[],[],0,0,0,0.0,0,0,0,0.0,0,True,20.0,20.0,,,,e2e-final-30,300030,stable,stable,True,ml_agent,,,005af56660384ab3ba3e9057019702e2,0,18.240502465050604,170.26532789575853,0.0
COMPLETED,True,True,0,0,0,[],[],0,0,0,0.0,0,0,0,0.0,0,True,20.0,20.0,,,,e2e-final-31,300031,stable,stable,True,ml_agent,,,48b3118b0e164d7cada006423e6b8e42,0,37.305502302478956,287.0307940698692,0.0
COMPLETED,True,True,0,0,0,[],[],0,0,0,0.0,0,0,0,0.0,0,True,20.0,20.0,,,,e2e-final-32,300032,stable,stable,True,ml_agent,,,e9c1c571582e4491a3e43377e965a2cc,0,79.40722767380052,165.46149922651222,0.0
COMPLETED,True,True,0,0,0,[],[],0,0,0,0.0,0,0,0,0.0,0,True,20.0,20.0,,,,e2e-final-33,300033,stable,stable,True,ml_agent,,,3f048f9612ec4441b491b402b010248e,0,12.05584966228343,79.11847321432997,0.0
COMPLETED,True,True,0,0,0,[],[],0,0,0,0.0,0,0,0,0.0,0,True,20.0,20.0,,,,e2e-final-34,300034,stable,stable,True,ml_agent,,,a26723b5894b4ef4bc471c2a0724373f,0,122.17040625400806,284.22568096895617,0.0
COMPLETED,True,True,0,0,0,[],[],0,0,0,0.0,0,0,0,0.0,0,True,20.0,20.0,,,,e2e-final-35,300035,stable,stable,True,ml_agent,,,93c63d206635420e8e11dedb6a2bc483,0,7.979750144295391,14.210946855600923,0.0
COMPLETED,True,True,0,0,0,[],[],0,0,0,0.0,0,0,0,0.0,0,True,20.0,20.0,,,,e2e-final-36,300036,stable,stable,True,ml_agent,,,5e3a3190f2544f92a925faec251811fe,0,11.116310756187882,57.384627059800366,0.0
COMPLETED,True,True,0,0,0,[],[],0,0,0,0.0,0,0,0,0.0,0,True,20.0,20.0,,,,e2e-final-37,300037,stable,stable,True,ml_agent,,,7a2847f02010478a878dab284781c3c2,0,85.71864881669161,512.5271991791668,0.0
COMPLETED,True,True,0,0,0,[],[],0,0,0,0.0,0,0,0,0.0,0,True,20.0,20.0,,,,e2e-final-38,300038,stable,stable,True,ml_agent,,,ac1a733d0d7947e8a3cb578afd245242,0,16.482010495383275,77.3756555770523,0.0
COMPLETED,True,True,0,0,0,[],[],0,0,0,0.0,0,0,0,0.0,0,True,20.0,20.0,,,,e2e-final-39,300039,stable,stable,True,ml_agent,,,2355ee1b36c04229860300724d8f3976,0,8.656987646827472,13.288325293688102,0.0
COMPLETED,True,True,0,0,0,[],[],0,0,0,0.0,0,0,0,0.0,0,True,20.0,20.0,,,,e2e-final-40,300040,stable,stable,True,ml_agent,,,8bd3a2d05aa84e2391d483462c4b7732,0,8.744963887147598,18.952946560457335,0.0
COMPLETED,True,True,0,0,0,[],[],0,0,0,0.0,0,0,0,0.0,0,True,20.0,20.0,,,,e2e-final-41,300041,stable,stable,True,ml_agent,,,aa26d994b0b546b59346e324504b6b1f,0,12.809650553390362,61.21789654716806,0.0
COMPLETED,True,True,0,0,0,[],[],0,0,0,0.0,0,0,0,0.0,0,True,20.0,20.0,,,,e2e-final-42,300042,stable,stable,True,ml_agent,,,f4b82e7f5f92476db517b30c8e54ab45,0,8.514551148982715,12.146020577056321,0.0
COMPLETED,True,True,0,0,0,[],[],0,0,0,0.0,0,0,0,0.0,0,True,20.0,20.0,,,,e2e-final-43,300043,stable,stable,True,ml_agent,,,94ca0dd1e9354c8aaa0d4d006ff73e75,0,13.235166290542102,25.770454419543537,0.0
COMPLETED,True,True,0,0,0,[],[],0,0,0,0.0,0,0,0,0.0,0,True,20.0,20.0,,,,e2e-final-44,300044,stable,stable,True,ml_agent,,,33d3727cabaf41a694960d19d5c1f011,0,7.956582948099822,10.324264853261392,0.0
COMPLETED,True,True,0,0,0,[],[],0,0,0,0.0,0,0,0,0.0,0,True,20.0,20.0,,,,e2e-final-45,300045,stable,stable,False,ml_agent,,,7e7ef55af80e4355aaf606d935b2f88e,0,9.045979427173728,14.738077268702455,0.0
COMPLETED,True,True,0,0,0,[],[],0,0,0,0.0,0,0,0,0.0,0,True,20.0,20.0,,,,e2e-final-46,300046,stable,stable,False,ml_agent,,,30b6637b68db4ca88800c024026e2d6c,0,13.724870287114726,50.1781132316682,0.0
COMPLETED,True,True,0,0,0,[],[],0,0,0,0.0,0,0,0,0.0,0,True,20.0,20.0,,,,e2e-final-47,300047,stable,stable,False,ml_agent,,,6bec9d382e8143da8aad3ac013e921d0,0,13.025873503647736,34.72114313626661,0.0
COMPLETED,True,True,0,0,0,[],[],0,0,0,0.0,0,0,0,0.0,0,True,20.0,20.0,,,,e2e-final-48,300048,stable,stable,False,ml_agent,,,7297e0f4abe94451a0a81ef56ed912aa,0,8.38838427443988,14.294934669742277,0.0
COMPLETED,True,True,0,0,0,[],[],0,0,0,0.0,0,0,0,0.0,0,True,20.0,20.0,,,,e2e-final-49,300049,stable,stable,False,ml_agent,,,d32059d016074e2d95409b847ed3c1c6,0,14.401775470469142,97.34338276204633,0.0
COMPLETED,True,True,0,0,0,[],[],0,0,0,0.0,0,0,0,0.0,0,True,20.0,20.0,,,,e2e-final-50,300050,stable,stable,False,ml_agent,,,63da39030f064a118e019f489a8a1d52,0,93.6100819963029,241.618210925953,0.0
COMPLETED,True,True,0,0,0,[],[],0,0,0,0.0,0,0,0,0.0,0,True,20.0,20.0,,,,e2e-final-51,300051,stable,stable,False,ml_agent,,,8a1fefde8a0a46c6aeb1113b69b2882d,0,34.49316169717335,141.87188524636423,0.0
COMPLETED,True,True,0,0,0,[],[],0,0,0,0.0,0,0,0,0.0,0,True,20.0,20.0,,,,e2e-final-52,300052,stable,stable,False,ml_agent,,,b739a89fff0d4619bd0a89d0454926ba,0,26.188720110803814,61.65327514754602,0.0
COMPLETED,True,True,0,0,0,[],[],0,0,0,0.0,0,0,0,0.0,0,True,20.0,20.0,,,,e2e-final-53,300053,stable,stable,False,ml_agent,,,d361594861704002bdc2b52adad10bd4,0,7.916529913200065,16.45744852488839,0.0
COMPLETED,True,True,0,0,0,[],[],0,0,0,0.0,0,0,0,0.0,0,True,20.0,20.0,,,,e2e-final-54,300054,stable,stable,False,ml_agent,,,b5c9073a266e4e5d82e76394dfc8adcc,0,27.59194268728602,143.43383079627512,0.0
COMPLETED,True,True,0,0,0,[],[],0,0,0,0.0,0,0,0,0.0,0,True,20.0,20.0,,,,e2e-final-55,300055,stable,stable,False,ml_agent,,,dca6c0442d7b4bc2a6ff867d9e7affe2,0,13.058338320115563,39.187181213637466,0.0
COMPLETED,True,True,0,0,0,[],[],0,0,0,0.0,0,0,0,0.0,0,True,20.0,20.0,,,,e2e-final-56,300056,stable,stable,False,ml_agent,,,487264cf4bd44cfa8691e8d942f853e4,0,21.999970910837856,46.97212389321059,0.0
COMPLETED,True,True,0,0,0,[],[],0,0,0,0.0,0,0,0,0.0,0,True,20.0,20.0,,,,e2e-final-57,300057,stable,stable,False,ml_agent,,,f36f40b779fa4338952e86e28c0d7782,0,21.072520746383812,105.25650238501746,0.0
COMPLETED,True,True,0,0,0,[],[],0,0,0,0.0,0,0,0,0.0,0,True,20.0,20.0,,,,e2e-final-58,300058,stable,stable,False,ml_agent,,,d4c0c7faae6b40cbadaf256f2cde6005,0,23.17889976548022,81.18619448971002,0.0
COMPLETED,True,True,0,0,0,[],[],0,0,0,0.0,0,0,0,0.0,0,True,20.0,20.0,,,,e2e-final-59,300059,stable,stable,False,ml_agent,,,cfae7eb5068b46d38a90424fe29d6593,0,10.92805119114928,18.243737940210845,0.0
